Address,City,State,Postal Code,Charging Station Location,Number Of Charge Stand
"1000 NW Olympic College Way, Poulsbo, WA 98370",Poulsbo,WA,98370,"47.7774056426997, -122.65904131849484",2
"21200 Olhava Way NW, Poulsbo, WA 98370",Poulsbo,WA,98370,"47.76263764284079, -122.6617879004727",8
"19133 Jensen Way NE, Poulsbo, WA 98370",Poulsbo,WA,98370,"47.746480341201085, -122.64805499058342",4
"15347 Suquamish Way NE #15347, Suquamish, WA 98392",Suquamish,WA,98392,"47.72523740012811, -122.56565753211538",12
"21711 Vetter Rd NW, Poulsbo, WA 98370",Poulsbo,WA,98370,"47.76204317882462, -122.65028819485335",2
"20148 10th Ave NE, Poulsbo, WA 98370",Poulsbo,WA,98370,"47.749470690333816, -122.63663021778048",2
"20150 7th Ave NE, Poulsbo, WA 98370",Poulsbo,WA,98370,"47.747351432455844, -122.63915169047085",4
"27618 Hansville Rd NE, Kingston, WA 98346",Kingston,WA,98346,"47.81413667313147, -122.53229698009774",4
"7989 NE Salish Ln, Kingston, WA 98346",Kingston,WA,98346,"47.847622007578664, -122.54169084800627",4
"10315 Silverdale Way NW, Silverdale, WA 98383",Silverdale,WA,98383,"47.65790422645345, -122.69197117701447",2
"3909 NW Randall Way, Silverdale, WA 98383",Silverdale,WA,98383,"47.653993242440606, -122.69413532722926",2
"1800 NW Myhre Rd, Silverdale, WA 98383",Silverdale,WA,98383,"47.658664216002734, -122.67410378422446",13
"3201 NW Randall Way, Silverdale, WA 98383",Silverdale,WA,98383,"47.65965044354965, -122.69361143825756",12
"5455 NW Newberry Hill Rd #201, Silverdale, WA 98383",Silverdale,WA,98383,"47.63802469713729, -122.72253224062985",12
"1231 NE McWilliams Rd, Bremerton, WA 98311",Bremerton,WA,98311,"47.62703512687387, -122.63656139650091",4
"1401 NE McWilliams Rd, Bremerton, WA 98311",Bremerton,WA,98311,"47.62703512687387, -122.63003826430351",2
"3333 Wheaton Wy, Bremerton, WA 98310",Bremerton,WA,98310,"47.59700608304655, -122.63050938033987",1
"3915 Wheaton Wy, Bremerton, WA 98310",Bremerton,WA,98310,"47.60257177047928, -122.6300514225135",2
"60 Washington Ave, Bremerton, WA 98337",Bremerton,WA,98337,"47.56585081682277, -122.6210877561425",4
"3929 Kitsap Way, Bremerton, WA 98312",Bremerton,WA,98312,"47.56979258405453, -122.66162427627907",2
"200 Charleston Blvd, Bremerton, WA 98312",Bremerton,WA,98312,"47.56295488631913, -122.65258172726935",2
"4520 Bay Vista Blvd, Bremerton, WA 98312",Bremerton,WA,98312,"47.56747838625114, -122.67690306622156",4
"901 W Hills Blvd, Bremerton, WA 98312",Bremerton,WA,98312,"47.55647880720105, -122.67694241943254",2
"520 W Hills Blvd, Bremerton, WA 98312",Bremerton,WA,98312,"47.5574924667775, -122.67578370516065",2
"1100 Oyster Bay Ave S, Bremerton, WA 98312",Bremerton,WA,98312,"47.55503068807452, -122.67166383219386",6
"1416 NW Ballard Way, Seattle, WA 98107",Seattle,WA,98107,"47.66353311667148, -122.37122485995653",8
"1451 NW 46th St, Seattle, WA 98107",Seattle,WA,98107,"47.66254567181732, -122.37536461209429",4
"915 NW 45th St, Seattle, WA 98107",Seattle,WA,98107,"47.66033837460466, -122.36958620806867",6
"1600 W Armory Way, Seattle, WA 98119",Seattle,WA,98119,"47.65177864097349, -122.37229649056005",8
"100 W Mercer St, Seattle, WA 98119",Seattle,WA,98119,"47.62740745522217, -122.35452320433295",6
"200 W Mercer St, Seattle, WA 98119",Seattle,WA,98119,"47.62515197609129, -122.35948267336693",4
"2121 6th Ave, Seattle, WA 98121",Seattle,WA,98121,"47.617019119912236, -122.34115136488784",2
"1800 9th Ave, Seattle, WA 98101",Seattle,WA,98101,"47.61717507353222, -122.33328522536253",4
"1609 Harvard Ave, Seattle, WA 98122",Seattle,WA,98122,"47.61748697937672, -122.3220644086868",2
"737 Olive Wy, Seattle, WA 98101",Seattle,WA,98101,"47.614960598687674, -122.33448614521448",2
"566 Denny Wy, Seattle, WA 98109",Seattle,WA,98109,"47.62120942771062, -122.34428668826666",1
"601 Union St, Seattle, WA 98101",Seattle,WA,98101,"47.61156045016319, -122.33224411866065",10
"1401 Broadway, Seattle, WA 98122",Seattle,WA,98122,"47.61538157881861, -122.31963515971574",2
"1001 Broadway, Seattle, WA 98122",Seattle,WA,98122,"47.61319811091911, -122.32067626641762",4
"505 1st Ave S, Seattle, WA 98104",Seattle,WA,98104,"47.59917227237087, -122.33427475998727",16
"338 Weller St Bridge, Seattle, WA 98134",Seattle,WA,98134,"47.598626244756076, -122.33126711840407",8
"401 Elliott Ave W, Seattle, WA 98119",Seattle,WA,98119,"47.624800780357425, -122.36384151955612",10
"2210 Westlake Ave, Seattle, WA 98121",Seattle,WA,98121,"47.62025959925706, -122.3380863507003",12
"583 Battery St, Seattle, WA 98121",Seattle,WA,98121,"47.61810952369005, -122.34350231796493",4
"2125 1st Ave, Seattle, WA 98121",Seattle,WA,98121,"47.6128175578221, -122.34511370322112",2
"Parking lot, 1901 Western Ave D, Seattle, WA 98101",Seattle,WA,98101,"47.60960613727763, -122.34283918992477",2
"101 Taylor Ave N, Seattle, WA 98109",Seattle,WA,98109,"47.62101931235329, -122.34725112097244",10
"2121 8th Ave, Seattle, WA 98121",Seattle,WA,98121,"47.61783426651509, -122.33893472854086",36
"1012 Terry Ave, Seattle, WA 98101",Seattle,WA,98101,"47.60952178047031, -122.32647066657896",3
"1229 Madison St, Seattle, WA 98104",Seattle,WA,98104,"47.61030630408846, -122.32220383926528",4
"600 9th Ave, Seattle, WA 98104",Seattle,WA,98104,"47.60622665276491, -122.32445362093976",2
"324 University St, Seattle, WA 98101",Seattle,WA,98101,"47.607429659897136, -122.33531463600447",4
"1007 1st Ave, Seattle, WA 98104",Seattle,WA,98104,"47.60507592428698, -122.33663347353777",1
"925 4th Ave, Seattle, WA 98104",Seattle,WA,98104,"47.60565129166137, -122.33337516904369",4
"611 2nd Ave, Seattle, WA 98104",Seattle,WA,98104,"47.6027220827614, -122.33290969697312",4
"253-295 S Jackson St, Seattle, WA 98104",Seattle,WA,98104,"47.59906034089319, -122.33081507256955",7
"200 Denny Wy, Seattle, WA 98109",Seattle,WA,98109,"47.61881287100179, -122.35236847214424",6
"300 1st Ave W, Seattle, WA 98119",Seattle,WA,98119,"47.62134784019229, -122.35764504585606",2
"305 W Thomas St, Seattle, WA 98109",Seattle,WA,98109,"47.62128998794282, -122.35365391891948",24
"500 Mercer St, Seattle, WA 98109",Seattle,WA,98109,"47.62317015328109, -122.34678746397483",16
"400 Dexter Ave N, Seattle, WA 98109",Seattle,WA,98109,"47.62262472550293, -122.3417900129855",4
"440 Terry Ave N, Seattle, WA 98109",Seattle,WA,98109,"47.623087529889936, -122.33642559505999",4
"345 Boren Ave N, Seattle, WA 98109",Seattle,WA,98109,"47.62190158544577, -122.33646851040338",6
"207 Boren Ave, Seattle, WA 98109",Seattle,WA,98109,"47.62045527532238, -122.33629684902976",5
"15347 Suquamish Way NE, Suquamish, WA 98392",Suquamish,WA,98392,"47.707708062845555, -122.5837489654871",2
"209 12th Ave S, Seattle, WA 98144",Seattle,WA,98144,"47.60131665384378, -122.31735553835199",3
"1321 E John St, Seattle, WA 98102",Seattle,WA,98102,"47.6213812352949, -122.31443396017603",2
"1600 E Madison St, Seattle, WA 98122",Seattle,WA,98122,"47.61540398107559, -122.31097348375405",4
"1300 E Madison St, Seattle, WA 98122",Seattle,WA,98122,"47.613887002024406, -122.31486737125778",8
"1222 E Madison St E, Seattle, WA 98122",Seattle,WA,98122,"47.61356876846023, -122.31583296649009",2
"1111 E Union St, Seattle, WA 98122",Seattle,WA,98122,"47.61294676089983, -122.31797873365186",1
"1427 11th Ave, Seattle, WA 98122",Seattle,WA,98122,"47.61364109443811, -122.31836497174477",4
"2111 E Olive St, Seattle, WA 98122",Seattle,WA,98122,"47.61697981517561, -122.3040372130681",2
"1002 Airport Wy S, Seattle, WA 98134",Seattle,WA,98134,"47.594265990959045, -122.32486724821717",3
"601-699 S Plummer St, Seattle, WA 98134",Seattle,WA,98134,"47.59397657909066, -122.32383728001847",1
"1518 1st Ave S, Seattle, WA 98134",Seattle,WA,98134,"47.59009830788639, -122.33284950237271",4
"2005 Airport Wy S, Seattle, WA 98134",Seattle,WA,98134,"47.58526084724934, -122.32215962995319",6
"1st Ave S &, S Stacy St, Seattle, WA 98134",Seattle,WA,98134,"47.5816018280462, -122.33465993294469",8
"6000 16th Ave SW, Seattle, WA 98106",Seattle,WA,98106,"47.54627118990159, -122.3518773314047",6
"225 S Spokane St, Seattle, WA 98134",Seattle,WA,98134,"47.57125973853944, -122.32876356368804",2
"6100 4th Ave S #500, Seattle, WA 98108",Seattle,WA,98108,"47.54690798813537, -122.32876356370151",4
"1112 S Bailey St, Seattle, WA 98108",Seattle,WA,98108,"47.547863171955235, -122.3181500988974",8
"6701 Corson Ave S, Seattle, WA 98108",Seattle,WA,98108,"47.543087078786776, -122.32569745164696",6
"7277 Perimeter Rd S, Seattle, WA 98108",Seattle,WA,98108,"47.53703673605204, -122.30352710294507",4
"2450 8th Ave S, Seattle, WA 98134",Seattle,WA,98134,"47.58164547778629, -122.33472152231361",4
"2401 Utah Ave S, Seattle, WA 98134",Seattle,WA,98134,"47.580319601079445, -122.33481512134374",2
"4040 26th Ave SW, Seattle, WA 98106",Seattle,WA,98106,"47.56733212085418, -122.36487086091742",1
"4829 SW Barton St, Seattle, WA 98136",Seattle,WA,98136,"47.52283684697287, -122.39268000418193",3
"6400 Sylvan Way SW, Seattle, WA 98126",Seattle,WA,98126,"47.544612101399046, -122.37202042644077",1
"9456 16th Ave SW, Seattle, WA 98106",Seattle,WA,98106,"47.51783833558661, -122.35416764311047",1
"9240 2nd Ave SW, Seattle, WA 98106",Seattle,WA,98106,"47.52050473404755, -122.33528489159426",1
"9935 8th Ave SW, Seattle, WA 98106",Seattle,WA,98106,"47.514244278686135, -122.345756235663",2
"9409 E Marginal Wy S, Tukwila, WA 98108",Tukwila,WA,98108,"47.51888172464483, -122.2963177589721",6
"7101 Martin Luther King Jr Way S, Seattle, WA 98118",Seattle,WA,98118,"47.538470410344274, -122.28275651024907",4
"6901 Martin Luther King Jr Way S, Seattle, WA 98118",Seattle,WA,98118,"47.540520597625886, -122.28342590295918",2
"3401 S Norfolk St, Seattle, WA 98118",Seattle,WA,98118,"47.51181109896739, -122.28837989282356",4
"18025 E Marginal Wy S, Tukwila, WA 98168",Tukwila,WA,98168,"47.50589967668719, -122.29110829797855",2
"11195 5th Ave SW, Seattle, WA 98146",Seattle,WA,98146,"47.503285329392526, -122.34114688276715",1
"11215 5th Ave SW, Seattle, WA 98146",Seattle,WA,98146,"47.50229169117588, -122.34107334032896",1
"9019 Rainier Ave S, Seattle, WA 98118",Seattle,WA,98118,"47.522374030794666, -122.27028870375352",8
"12601 68th Ave S, Seattle, WA 98178",Seattle,WA,98178,"47.48988671012637, -122.24928992772443",1
"13050 Interurban Ave S, Tukwila, WA 98168",Tukwila,WA,98168,"47.48482281242184, -122.27253572895371",7
"3716 S 144th St, Tukwila, WA 98168",Tukwila,WA,98168,"47.47490029114033, -122.285993824314",2
"550 Monster Rd SW, Renton, WA 98057",Renton,WA,98057,"47.474176700608844, -122.24454900779465",2
"14300 1st Ave S, Burien, WA 98168",Burien,WA,98168,"47.47577391450015, -122.3319496333883",12
"14656 Ambaum Blvd SW, Burien, WA 98166",Burien,WA,98166,"47.47060324041779, -122.34619617410677",2
"400 S 152nd St, Burien, WA 98148",Burien,WA,98148,"47.46723804045947, -122.33950138035789",2
"3724 S 154th Ln, Tukwila, WA 98188",Tukwila,WA,98188,"47.46480103692655, -122.32370853386166",1
"311 S 174th Pl, Burien, WA 98148",Burien,WA,98148,"47.44681013592582, -122.32937335934145",1
"4011 S 164th St, SeaTac, WA 98188",SeaTac,WA,98188,"47.455632249599326, -122.28216648039074",2
"16830 Hwy 99, SeaTac, WA 98188",SeaTac,WA,98188,"47.45160754310154, -122.29538262434754",4
"2907 S 170th St, SeaTac, WA 98188",SeaTac,WA,98188,"47.45060204525944, -122.2949426112635",2
"17620 International Blvd, Seattle, WA 98188",Seattle,WA,98188,"47.444125026180515, -122.29576102177107",2
"2623 S 170th St, SeaTac, WA 98188",SeaTac,WA,98188,"47.44985419866532, -122.2992605672045",4
"18000 International Blvd, SeaTac, WA 98188",SeaTac,WA,98188,"47.44110752553585, -122.29484126241164",4
"18613 International Blvd, SeaTac, WA 98188",SeaTac,WA,98188,"47.436695435254414, -122.2967295375716",3
"18525 36th Ave S, Seattle, WA 98188",Seattle,WA,98188,"47.43553429737102, -122.28745982315007",1
"3100 S 192nd St, SeaTac, WA 98188",SeaTac,WA,98188,"47.4316886410861, -122.29391415394409",4
"19235 International Blvd, Seattle, WA 98188",Seattle,WA,98188,"47.42977470123173, -122.29605521458366",44
"19455 International Blvd, Seattle, WA 98188",Seattle,WA,98188,"47.427395111381784, -122.29597874813223",2
"4800 S 188th St, SeaTac, WA 98188",SeaTac,WA,98188,"47.43396458694368, -122.27303881280338",4
"2702 S 200th St, SeaTac, WA 98198",SeaTac,WA,98198,"47.423173242729305, -122.298622081874",4
"20th Ave #1811, Seattle, WA 98122",Seattle,WA,98122,"47.618048764376276, -122.30620429117528",2
"Parking lot, 1245 10th Ave E, Seattle, WA 98102",Seattle,WA,98102,"47.63173188926186, -122.32115497293559",2
"1818 Fairview Ave E, Seattle, WA 98102",Seattle,WA,98102,"47.6352432552439, -122.32582292892094",8
"1700 Westlake Ave N, Seattle, WA 98109",Seattle,WA,98109,"47.63326765356109, -122.33978304651565",2
"1101 Westlake Ave N, Seattle, WA 98109",Seattle,WA,98109,"47.62881385880154, -122.34141382952717",4
"1616 Eastlake Ave E, Seattle, WA 98102",Seattle,WA,98102,"47.63447502950176, -122.32477340500738",2
"401 Broadway E, Seattle, WA 98102",Seattle,WA,98102,"47.6225246085242, -122.32140697979385",2
"119 Harvard Ave E, Seattle, WA 98102",Seattle,WA,98102,"47.61943553481701, -122.32255177336683",2
"215 10th Ave E, Seattle, WA 98102",Seattle,WA,98102,"47.62088932636029, -122.31996670111806",6
"825 Eastlake Ave E, Seattle, WA 98109",Seattle,WA,98109,"47.626413451947684, -122.32941117020465",1
"Airbnb Seattle CDG, 811 24th Ave, Seattle, WA 98122",Seattle,WA,98122,"47.60889366727235, -122.301363084934",1
"1508 7th Ave, Seattle, WA 98101",Seattle,WA,98101,"47.61183999688436, -122.33354429362527",2
"1700 7th Ave UNIT 1800, Seattle, WA 98101",Seattle,WA,98101,"47.605581938244214, -122.33343698339297",8
"1101 4th Ave, Seattle, WA 98101",Seattle,WA,98101,"47.60695660489342, -122.33408084478675",1
"1191 2nd Ave, Seattle, WA 98101",Seattle,WA,98101,"47.605981326910396, -122.33675355281943",4
"Union Station, 505 5th Ave S, Seattle, WA 98104",Seattle,WA,98104,"47.59771202433414, -122.32824355683746",4
"2433 S Plum St, Seattle, WA 98144",Seattle,WA,98144,"47.585551141018556, -122.30042042717882",6
"4412 Rainier Ave S, Seattle, WA 98118",Seattle,WA,98118,"47.56371034896698, -122.28750986512223",2
"1531 Utah Ave S, Seattle, WA 98134",Seattle,WA,98134,"47.5890382449935, -122.33667433416292",6
"4502 42nd Ave SW, Seattle, WA 98116",Seattle,WA,98116,"47.56262833448698, -122.38547982560208",2
"Southcenter Pkwy #17501, Tukwila, WA 98188",Tukwila,WA,98188,"47.44738406238596, -122.26366401061902",16
"Strander Blvd #333, Tukwila, WA 98188",Tukwila,WA,98188,"47.45565329318375, -122.25661970789243",16
"301 Strander Blvd, Tukwila, WA 98188",Tukwila,WA,98188,"47.455679144399184, -122.25736769789464",10
"500 Southcenter Mall, Tukwila, WA 98188",Tukwila,WA,98188,"47.459783840961286, -122.2591433877009",1
"229 Andover Park E, Tukwila, WA 98188",Tukwila,WA,98188,"47.45737017915154, -122.25067475126129",4
"411 Baker Blvd, Tukwila, WA 98188",Tukwila,WA,98188,"47.45773199579064, -122.25119261304707",9
"700 Andover Park W, Tukwila, WA 98188",Tukwila,WA,98188,"47.44896582718207, -122.25331298479688",3
"1300 SW 27th St, Renton, WA 98057",Renton,WA,98057,"47.4580433459254, -122.2378855255584",3
"900 SW 16th St, Renton, WA 98057",Renton,WA,98057,"47.46644185709078, -122.23030920366459",3
"Parking lot, 601 SW 41st St, Renton, WA 98057",Renton,WA,98057,"47.44267336593374, -122.22737423212014",1
"3715 E Valley Rd, Renton, WA 98057",Renton,WA,98057,"47.44655090162519, -122.21911535870437",1
"SW 41st St #601, Renton, WA 98057",Renton,WA,98057,"47.44305204844777, -122.225177317935",16
"19802 62nd Ave S, Kent, WA 98032",Kent,WA,98032,"47.424005611093726, -122.2565560960698",2
"1215 N Landing Way, Renton, WA 98057",Renton,WA,98057,"47.496923167626015, -122.19901524286342",7
"828 N 10th Pl, Renton, WA 98057",Renton,WA,98057,"47.49796697310512, -122.20468006806136",4
"3035 S 204th St, SeaTac, WA 98198",SeaTac,WA,98198,"47.41809783480728, -122.29289224819614",2
"23003 Pacific Hwy S, Des Moines, WA 98198",Des Moines,WA,98198,"47.39532681900244, -122.29581049147995",1
"1157 Central Ave N, Kent, WA 98032",Kent,WA,98032,"47.39572066252484, -122.22885865114426",6
"419 Novak Ln, Kent, WA 98032",Kent,WA,98032,"47.39427937108682, -122.22973213898675",14
"311 4th Ave N, Kent, WA 98032",Kent,WA,98032,"47.38327669799327, -122.23632051196653",7
"222 State Ave N, Kent, WA 98030",Kent,WA,98030,"47.38279615845082, -122.22916883025611",4
"24615 64th Ave S, Kent, WA 98032",Kent,WA,98032,"47.380925336234625, -122.25566194010408",2
"24437 Russell Rd, Kent, WA 98032",Kent,WA,98032,"47.38215082167982, -122.26132976189835",8
"24014 116th Ave SE, Kent, WA 98030",Kent,WA,98030,"47.38654715905561, -122.18631996933793",4
"20830 108th Ave SE, Kent, WA 98031",Kent,WA,98031,"47.415098481116026, -122.19587569064545",2
"27314 24th Ave S, Federal Way, WA 98003",Federal Way,WA,98003,"47.357211098332186, -122.30191673536417",1
"32015 Pacific Hwy S, Federal Way, WA 98003",Federal Way,WA,98003,"47.31506887351153, -122.31611684715257",12
"1101 Outlet Collection Way, Auburn, WA 98001",Auburn,WA,98001,"47.297912779734226, -122.24868767119683",24
"34520 16th Ave S, Walmart Supercenter parking lot, Federal Way, WA 98003",Federal Way,WA,98003,"47.29160138281363, -122.30858630740487",7
"35620 Pacific Hwy S, Federal Way, WA 98003",Federal Way,WA,98003,"47.282053071463565, -122.32146091012747",4
"101 Auburn Way S Safeway, Auburn, WA 98002",Auburn,WA,98002,"47.30610045533134, -122.22735549904044",8
"109 S Division St, Auburn, WA 98001",Auburn,WA,98001,"47.306360441178576, -122.23003095973404",4
"28817 Military Rd S, Federal Way, WA 98003",Federal Way,WA,98003,"47.34295894709376, -122.3023784337723",1
"1701 S 320th St, Federal Way, WA 98003",Federal Way,WA,98003,"47.313521987009025, -122.31199147047185",2
"34008 Hoyt Rd SW, Federal Way, WA 98023",Federal Way,WA,98023,"47.29695699805275, -122.38142967549057",1
"2216 N 30th St, Tacoma, WA 98403",Tacoma,WA,98403,"47.27448306352293, -122.4665737148294",4
"2201 Portland Ave E, Tacoma, WA 98421",Tacoma,WA,98421,"47.24809045169916, -122.41417083615431",6
"923 Commerce St, Tacoma, WA 98402",Tacoma,WA,98402,"47.254537544671656, -122.43877930332438",6
"1112 S M St, Tacoma, WA 98405",Tacoma,WA,98405,"47.25058146701921, -122.45518494810443",8
"1552 Market St, Tacoma, WA 98402",Tacoma,WA,98402,"47.247064705456246, -122.44029034955412",4
"2702 E D St, Tacoma, WA 98421",Tacoma,WA,98421,"47.23475420113709, -122.42928129845173",6
"2611 East E Street, Tacoma, WA 98421",Tacoma,WA,98421,"47.23839940036575, -122.4271779213471",1
"1708 E 44th St, Tacoma, WA 98404",Tacoma,WA,98404,"47.21692083942504, -122.40645894390514",2
"101 Valley Ave NW, Puyallup, WA 98371",Puyallup,WA,98371,"47.207227503339126, -122.29442185872564",4
"111 River Rd, Puyallup, WA 98371",Puyallup,WA,98371,"47.19925142663625, -122.2955139411608",4
"6621 166th Ave E, Sumner, WA 98390",Sumner,WA,98390,"47.19609776321672, -122.2070552639141",8
"13701 24th St E nUnit F, Sumner, WA 98390",Sumner,WA,98390,"47.23726613952223, -122.24582419036173",2
"2147 M.L.K. Jr Way, Tacoma, WA 98405",Tacoma,WA,98405,"47.24002813472898, -122.44875840464317",2
"3606 S Sprague Ave, Tacoma, WA 98409",Tacoma,WA,98409,"47.2251186968394, -122.46534692761804",2
"1965 S Union Ave, Tacoma, WA 98405",Tacoma,WA,98405,"47.23947630731463, -122.48017544639484",7
"Rainer Place, 2221 S 40th St, Tacoma, WA 98409",Tacoma,WA,98409,"47.22120230981145, -122.46589613201719",12
"4502 S Steele St, Tacoma, WA 98409",Tacoma,WA,98409,"47.21570022982112, -122.47083897160947",8
"Tacoma Mall, 4502 S Steele St, Tacoma, WA 98409",Tacoma,WA,98409,"47.21439456770472, -122.46671993861588",16
"Tacoma Mall Blvd #5219, Tacoma, WA 98409",Tacoma,WA,98409,"47.20973122628491, -122.46273820672211",12
"5602 Pacific Ave, Tacoma, WA 98408",Tacoma,WA,98408,"47.20600025790967, -122.43459148126614",1
"7427 S Hosmer St, Tacoma, WA 98408",Tacoma,WA,98408,"47.18930095944688, -122.46040408802578",12
"7802 S Tacoma Way, Tacoma, WA 98499",Tacoma,WA,98499,"47.18668830332581, -122.4851182859871",2
"7921 S Hosmer St, Tacoma, WA 98408",Tacoma,WA,98408,"47.1861651176739, -122.46275992877308",6
"8405 Pacific Ave, Tacoma, WA 98444",Tacoma,WA,98444,"47.18064766382744, -122.43403941601365",1
"512 122nd St S, Tacoma, WA 98444",Tacoma,WA,98444,"47.14525458720676, -122.43910893502026",6
"2505 S 80th St, Tacoma, WA 98409",Tacoma,WA,98409,"47.184840812423374, -122.4710099534889",2
"3873 S 66th St, Tacoma, WA 98409",Tacoma,WA,98409,"47.19833354146986, -122.48931146753435",2
"9505 Bridgeport Way SW, Lakewood, WA 98499",Lakewood,WA,98499,"47.171344653005605, -122.51762701756692",1
"6010 Main St SW, Lakewood, WA 98499",Lakewood,WA,98499,"47.162423569320204, -122.51762701756692",4
"11509 Bridgeport Way SW, Lakewood, WA 98499",Lakewood,WA,98499,"47.153383574954255, -122.5038145541364",2
"207 Wilkes St, Steilacoom, WA 98388",Steilacoom,WA,98388,"47.1727654113601, -122.5979714153575",1
"Quartermaster Rd, Lakewood, WA 98498",Lakewood,WA,98498,"47.11577934611768, -122.5679042248681",2
"1302 S 38th St, Tacoma, WA 98408",Tacoma,WA,98408,"47.22226652216209, -122.45145672230748",2
"2637 N Pearl St, Tacoma, WA 98407",Tacoma,WA,98407,"47.2724315223181, -122.51420683917627",1
"1585 McNeil St, DuPont, WA 98327",DuPont,WA,98327,"47.091784403641014, -122.64542925880217",6
"7451 Cirque Dr W, University Place, WA 98467",University Place,WA,98467,"47.2139131566585, -122.53642380400046",1
"3001 S 36th St, Tacoma, WA 98409",Tacoma,WA,98409,"47.22712850186667, -122.475223916584",2
"3628 S 35th St, Tacoma, WA 98409",Tacoma,WA,98409,"47.228521105103795, -122.48429019396248",16
"5402 77th St W, Lakewood, WA 98499",Lakewood,WA,98499,"47.18731530171033, -122.50898303297306",1
"7721 Dean St W, Lakewood, WA 98499",Lakewood,WA,98499,"47.18654548581142, -122.50966953847198",4
"8611 Steilacoom Blvd SW, Lakewood, WA 98498",Lakewood,WA,98498,"47.179228945499005, -122.55208087407269",2
"1502 S Orchard St, Tacoma, WA 98405",Tacoma,WA,98405,"47.24682017975076, -122.50666086099552",2
"3102 6th Ave, Tacoma, WA 98406",Tacoma,WA,98406,"47.255209737473784, -122.47662012130947",1
"2150 Commerce St #200, Tacoma, WA 98402",Tacoma,WA,98402,"47.24215874009772, -122.43713800629347",6
"516 Valley Ave NE, Puyallup, WA 98372",Puyallup,WA,98372,"47.20483562534835, -122.28820226734574",1
"133-299 9th Ave SW, Puyallup, WA 98371",Puyallup,WA,98371,"47.199820590840254, -122.29558370624004",4
"941 S Meridian, Puyallup, WA 98371",Puyallup,WA,98371,"47.182549159154036, -122.29139838836056",3
"1099 Wood Ave, Sumner, WA 98390",Sumner,WA,98390,"47.20401951067882, -122.23666650201712",3
"712 Shaw Rd E, Puyallup, WA 98372",Puyallup,WA,98372,"47.18565879163324, -122.25919808298818",2
"15367 Main St E, Sumner, WA 98390",Sumner,WA,98390,"47.202897589855844, -122.22431983265844",4
"5816 162nd Ave E, Sumner, WA 98390",Sumner,WA,98390,"47.20348422156889, -122.21482182778574",8
"1009 39th Ave SE, Puyallup, WA 98374",Puyallup,WA,98374,"47.155212086674986, -122.28044440690597",2
"3500 5th St SW, Puyallup, WA 98373",Puyallup,WA,98373,"47.15653318487875, -122.29814523416866",8
"11012 Canyon Rd E, Puyallup, WA 98373",Puyallup,WA,98373,"47.155946034176374, -122.35901881085255",2
"8931 Gravelly Lake Dr SW, Lakewood, WA 98499",Lakewood,WA,98499,"47.174962369549355, -122.51223373767486",3
"100 Barksdale Ave, DuPont, WA 98327",DuPont,WA,98327,"47.094343427263325, -122.62628103225839",2
"975 Ross Ave, DuPont, WA 98327",DuPont,WA,98327,"47.09215340863597, -122.64263840770595",1
"2548 Hogum Bay Rd NE, Olympia, WA 98516",Olympia,WA,98516,"47.068225717020276, -122.76298190079855",5
"8519 Oya Ln SE, Lacey, WA 98513",Lacey,WA,98513,"47.036174905146865, -122.75849332237492",12
"1401 Galaxy Dr NE, Lacey, WA 98516",Lacey,WA,98516,"47.05940133765089, -122.77217151898307",12
"8000 Freedom Ln NE, Lacey, WA 98516",Lacey,WA,98516,"47.061770374405334, -122.77093203026041",1
"2555 Marvin Rd NE, Lacey, WA 98516",Lacey,WA,98516,"47.06978892019793, -122.77343860856517",2
"300 Desmond Dr SE, Lacey, WA 98503",Lacey,WA,98503,"47.04746629941897, -122.80650003674425",2
"676 Woodland Square Loop SE, Lacey, WA 98509",Lacey,WA,98509,"47.04170411924673, -122.82538881662109",8
"4044 Pacific Ave SE, Lacey, WA 98503",Lacey,WA,98503,"47.03999711165567, -122.83452950058148",4
"665 Sleater Kinney Rd SE, Lacey, WA 98503",Lacey,WA,98503,"47.04247362754787, -122.83438862927821",12
"510 Pattison St SE, Olympia, WA 98507",Olympia,WA,98507,"47.04559669060225, -122.85772971940185",6
"4775 Whitman Ln SE, Lacey, WA 98513",Lacey,WA,98513,"46.995678378283536, -122.82343136766967",8
"2301 Henderson Park Ln SE, Olympia, WA 98501",Olympia,WA,98501,"47.02828658310752, -122.89462062683278",6
"123, 4th Avenue W., Olympia, WA, 98501, US, Olympia, WA 98501",Olympia,WA,98501,"47.04462809674227, -122.90257066929465",4
"1725 Evergreen Park Dr SW, Olympia, WA 98502",Olympia,WA,98502,"47.027959346720785, -122.92331600555383",2
"2925 Harrison Ave NW, Olympia, WA 98502",Olympia,WA,98502,"47.045377778334874, -122.93646830076105",8
"625 Black Lake Blvd SW, Olympia, WA 98502",Olympia,WA,98502,"47.04199070547935, -122.93840125729486",5
"2700 Evergreen Pkwy NW, Olympia, WA 98505",Olympia,WA,98505,"47.07169601432551, -122.97326392940613",2
"front entrance to REI, 625 Black Lake Blvd SW, Olympia, WA 98502",Olympia,WA,98502,"47.04189950783294, -122.93411623831645",2
"2370 Carriage Loop SW, Olympia, WA 98502",Olympia,WA,98502,"47.03255818830112, -122.92891184243668",2
"2404 Heritage Ct SW, Olympia, WA 98502",Olympia,WA,98502,"47.027609077214315, -122.92099585886412",2
"103 Sid Snyder Ave SW, Olympia, WA 98501",Olympia,WA,98501,"47.03542325338795, -122.90123319642774",4
"208 11th Ave SE, Olympia, WA 98501",Olympia,WA,98501,"47.03825095900337, -122.89899488383135",2
"505 14th Ave SE, Olympia, WA 98501",Olympia,WA,98501,"47.03590695049853, -122.8948458165795",8
"500 Cleveland Ave SE, Tumwater, WA 98501",Tumwater,WA,98501,"47.01904938103229, -122.89795761701838",2
"3939 Cleveland Ave SE, Olympia, WA 98501",Olympia,WA,98501,"47.010893725311654, -122.89612738822699",2
"County Courthouse [nb], Olympia, WA 98502",Olympia,WA,98502,"47.02902732697738, -122.91298589204521",4
"1520 Irving St SW, Tumwater, WA 98512",Tumwater,WA,98512,"47.02308380346483, -122.92135969799996",2
"6131 Capitol Blvd SE, Tumwater, WA 98501",Tumwater,WA,98501,"46.993359755077954, -122.90801600171933",4
"555 Israel Rd SW, Tumwater, WA 98501",Tumwater,WA,98501,"46.984879958946124, -122.91164177336985",3
"2430 93rd Ave SW, Tumwater, WA 98512",Tumwater,WA,98512,"46.95296620302697, -122.93572091608527",8
"4700 Yelm Hwy SE, Lacey, WA 98503",Lacey,WA,98503,"46.9976938629649, -122.82208111153307",1
"719 Sleater Kinney Rd SE, Lacey, WA 98503",Lacey,WA,98503,"47.04249591103362, -122.83866450390408",2
"501 Lilly Rd SE, Olympia, WA 98501",Olympia,WA,98501,"47.044554293043525, -122.845117655594",4
"4280 Martin Way E, Olympia, WA 98516",Olympia,WA,98516,"47.049512796298195, -122.82912207746901",2
"225 College St NE, Lacey, WA 98516",Lacey,WA,98516,"47.05010616247713, -122.82341692299374",2
"5333 15th Ave NE, Lacey, WA 98516",Lacey,WA,98516,"47.055929049231814, -122.81184898487068",2
"8333 Martin Way E, Lacey, WA 98516",Lacey,WA,98516,"47.05663102821667, -122.76266974610688",1
"1109 E Yelm Ave, Yelm, WA 98597",Yelm,WA,98597,"46.93541691073256, -122.59505800222523",2
"3625 148th St SW, Lynnwood, WA 98087",Lynnwood,WA,98087,"47.86546957006287, -122.28342427157384",12
"2902 164th St SW, Lynnwood, WA 98087",Lynnwood,WA,98087,"47.84663990127359, -122.271551765483",10
"17025 Hwy 99, Lynnwood, WA 98037",Lynnwood,WA,98037,"47.84446680715475, -122.29464918642334",4
"17909 Hwy 99, Lynnwood, WA 98037",Lynnwood,WA,98037,"47.83628024896288, -122.30065484137347",1
"5711 188th St SW, Lynnwood, WA 98037",Lynnwood,WA,98037,"47.82862842780539, -122.31085921027163",1
"Alderwood - JCPenney Parking, 3000 184th St SW, Lynnwood, WA 98037",Lynnwood,WA,98037,"47.830456153423704, -122.27499876221441",2
"3000 184th St SW, Lynnwood, WA 98037",Lynnwood,WA,98037,"47.829610942276005, -122.27391341235966",2
"Parking lot, Lynnwood, WA 98037",Lynnwood,WA,98037,"47.83112648351169, -122.2700495668768",1
"18305 Alderwood Mall Pkwy, Lynnwood, WA 98037",Lynnwood,WA,98037,"47.831971669977136, -122.26731448524285",6
"18405 Alderwood Mall Pkwy, Lynnwood, WA 98037",Lynnwood,WA,98037,"47.83124306177358, -122.2667066893242",2
"3711 196th St SW, Lynnwood, WA 98036",Lynnwood,WA,98036,"47.82255726426067, -122.28420252898259",4
"3000 196th St SW, Lynnwood, WA 98036",Lynnwood,WA,98036,"47.820545915984, -122.27365292839451",2
"2808 196th St SW, Lynnwood, WA 98036",Lynnwood,WA,98036,"47.82028356046358, -122.27148222868504",4
"3801 Alderwood Mall Blvd, Lynnwood, WA 98036",Lynnwood,WA,98036,"47.819293616826954, -122.28444282428956",4
"4400 Alderwood Mall Blvd, Lynnwood, WA 98036",Lynnwood,WA,98036,"47.81681570205149, -122.2901300575284",15
"20311 52nd Ave W, Lynnwood, WA 98036",Lynnwood,WA,98036,"47.81413359043538, -122.30172159397699",6
"20800 44th Ave W, Lynnwood, WA 98036",Lynnwood,WA,98036,"47.810225970537104, -122.29434652796722",8
"20816 44th Ave W, Lynnwood, WA 98036",Lynnwood,WA,98036,"47.8105906604765, -122.29545728978329",2
"21900 Hwy 99, Edmonds, WA 98026",Edmonds,WA,98026,"47.80025604632648, -122.3320081113885",6
"19020 80th Ave W, Edmonds, WA 98026",Edmonds,WA,98026,"47.82670887117712, -122.34282732172358",1
"205 5th Ave N, Edmonds, WA 98020",Edmonds,WA,98020,"47.81247135431237, -122.37571882224965",2
"121 5th Ave N, Edmonds, WA 98020",Edmonds,WA,98020,"47.81127981158679, -122.37705635050848",2
"7110 210th St SW, Edmonds, WA 98026",Edmonds,WA,98026,"47.80896734362076, -122.32936012595654",2
"201st Pl SE #1926, Bothell, WA 98012",Bothell,WA,98012,"47.814158008059046, -122.20611984986537",12
"21045 Bothell Everett Hwy, Bothell, WA 98021",Bothell,WA,98021,"47.8083361906117, -122.2068064953439",7
"20812 Bothell Everett Hwy, Bothell, WA 98201",Bothell,WA,98201,"47.80816325536022, -122.20809395561616",1
"15205 41st Ave SE, Bothell, WA 98012",Bothell,WA,98012,"47.85922436596216, -122.1767188712137",4
"16423 Larch Way, Lynnwood, WA 98037",Lynnwood,WA,98037,"47.84874532947129, -122.24642311020345",1
"11400 Hwy 99, Everett, WA 98204",Everett,WA,98204,"47.89345911773124, -122.25605080327949",7
"10500 Evergreen Wy, Everett, WA 98204",Everett,WA,98204,"47.90278145085808, -122.24695275068885",4
"SE Everett Mall Way #405, Everett, WA 98208",Everett,WA,98208,"47.90957073567141, -122.2258384022238",12
"1605 SE Everett Mall Way, Everett, WA 98208",Everett,WA,98208,"47.913482800419764, -122.21296379950118",18
"7301 Evergreen Wy, Everett, WA 98203",Everett,WA,98203,"47.931585379854646, -122.21998545271461",3
"16605 Ash Way, Lynnwood, WA 98037",Lynnwood,WA,98037,"47.84756175102305, -122.26149886353983",2
"19245 10th Ave NE, Poulsbo, WA 98370",Poulsbo,WA,98370,"47.7381553760616, -122.63668832003651",2
"3438 Stoluckquamish Ln, Arlington, WA 98223",Arlington,WA,98223,"48.21242475042708, -122.18371221996921",16
"20500 Olympic Pl, Arlington, WA 98223",Arlington,WA,98223,"48.18221497183381, -122.12774299516805",2
"20227 77th Ave NE, Arlington, WA 98223",Arlington,WA,98223,"48.17959884961609, -122.12627190664418",8
"3532 172nd St NE, Arlington, WA 98223",Arlington,WA,98223,"48.15170432653613, -122.18156215669622",2
"16115 Smokey Point Blvd, Marysville, WA 98271",Marysville,WA,98271,"48.14272283654647, -122.18384185613091",6
"3713 116th St NE, Marysville, WA 98271",Marysville,WA,98271,"48.10171867716343, -122.18244789433997",1
"4070 116th St NE, Marysville, WA 98271",Marysville,WA,98271,"48.099412129073016, -122.17726716440943",2
"11430 38th Dr NE, Marysville, WA 98271",Marysville,WA,98271,"48.09880656076054, -122.17925156187148",2
"3104 116th St NE, Tulalip, WA 98271",Tulalip,WA,98271,"48.09955605624944, -122.18840231889419",8
"10600 Quil Ceda Blvd, Tulalip, WA 98271",Tulalip,WA,98271,"48.0956354974017, -122.18684841675824",12
"Quil Ceda Blvd #10600, Tulalip, WA 98271",Tulalip,WA,98271,"48.095520182321465, -122.18848864679063",12
"1404 5th St, Marysville, WA 98270",Marysville,WA,98270,"48.05330365559967, -122.17867238188619",4
"26031 72nd Ave NW, Stanwood, WA 98292",Stanwood,WA,98292,"48.23285115852697, -122.32787005528964",4
"26930 104th Dr NW, Stanwood, WA 98292",Stanwood,WA,98292,"48.24194522329248, -122.37497571326918",6
"13000 Lake City Way NE, Seattle, WA 98125",Seattle,WA,98125,"47.723238212117565, -122.29209065762255",8
"11536 Lake City Way NE, Seattle, WA 98125",Seattle,WA,98125,"47.71353709415908, -122.29827046692941",2
"13025 Aurora Ave N, Seattle, WA 98133",Seattle,WA,98133,"47.724392986794975, -122.34582066631823",2
"11100 Roosevelt Way NE, Seattle, WA 98125",Seattle,WA,98125,"47.708801368680795, -122.31595158800178",4
"Parking lot, 401 NE Northgate Way, Seattle, WA 98125",Seattle,WA,98125,"47.70833932364256, -122.3250496405924",7
"401 NE Northgate Way, Seattle, WA 98125",Seattle,WA,98125,"47.70695316395141, -122.32762456113694",12
"4011 NE Northgate Way, Seattle, WA 98125",Seattle,WA,98125,"47.703141034715436, -122.3253929633317",3
"10006 Aurora Ave N, Seattle, WA 98133",Seattle,WA,98133,"47.70163921028792, -122.34255910029515",2
"9999 Holman Rd NW, Seattle, WA 98117",Seattle,WA,98117,"47.70175473677997, -122.36315846465132",8
"7340 35th Ave NE, Seattle, WA 98115",Seattle,WA,98115,"47.68250770096901, -122.2897654916295",1
"7300 Roosevelt Way NE, Seattle, WA 98115",Seattle,WA,98115,"47.6815831406988, -122.31723131077104",1
"601 N 59th St, Seattle, WA 98103",Seattle,WA,98103,"47.67060966829222, -122.35373038756474",5
"4540 8th Ave NE, Seattle, WA 98105",Seattle,WA,98105,"47.66284747303959, -122.31886440827094",2
"2520 NE University Village St, Seattle, WA 98105",Seattle,WA,98105,"47.664217322868126, -122.30030436021174",10
"2746 NE 45th St, Seattle, WA 98105",Seattle,WA,98105,"47.66164882495201, -122.29649065170643",8
"12540 120th Ave NE, Kirkland, WA 98034",Kirkland,WA,98034,"47.712404890688866, -122.17969825686781",2
"12632 Totem Lake Blvd NE, Kirkland, WA 98034",Kirkland,WA,98034,"47.713492983143574, -122.18188141055228",2
"120th Ave NE #12221, Kirkland, WA 98034",Kirkland,WA,98034,"47.709140477007324, -122.18357941897352",12
"11224 NE 124th St, Kirkland, WA 98034",Kirkland,WA,98034,"47.711588806438144, -122.19093745546562",7
"12519 NE 85th St, Kirkland, WA 98033",Kirkland,WA,98033,"47.67866275531066, -122.17387651370925",1
"11010 NE 124th Ln, Kirkland, WA 98034",Kirkland,WA,98034,"47.711671368229666, -122.19356246044666",1
"11607 98th Ave NE, Kirkland, WA 98034",Kirkland,WA,98034,"47.704821730453276, -122.21114602915695",1
"12039 NE 128th St, Kirkland, WA 98034",Kirkland,WA,98034,"47.71446357206189, -122.17936790859835",2
"12040 NE 128th St, Kirkland, WA 98034",Kirkland,WA,98034,"47.71470309412699, -122.17662948566908",2
"11300-11398 128th Ave NE, Kirkland, WA 98034",Kirkland,WA,98034,"47.716084930696425, -122.1794500612862",4
"12277 134th Ct NE, Redmond, WA 98052",Redmond,WA,98052,"47.709672899550846, -122.16249922335412",2
"12034 134th Ct NE, Redmond, WA 98052",Redmond,WA,98052,"47.70891856140962, -122.16020099042518",4
"11601 Willows Rd NE, Redmond, WA 98052",Redmond,WA,98052,"47.704881775330534, -122.15423271823788",2
"11431 Willows Rd NE, Redmond, WA 98052",Redmond,WA,98052,"47.70381073879279, -122.15429393128595",2
"11605 132nd Ave NE, Kirkland, WA 98034",Kirkland,WA,98034,"47.70547907461036, -122.16785262143452",2
"9926 NE 126th St, Kirkland, WA 98034",Kirkland,WA,98034,"47.71347674863465, -122.20900173255721",1
"101st Pl NE, Kirkland, WA 98034",Kirkland,WA,98034,"47.72519699175891, -122.20569328169088",1
"9931 Willows Rd NE, Redmond, WA 98052",Redmond,WA,98052,"47.68892666321403, -122.15046679250852",6
"NE 76th St, Redmond, WA 98052",Redmond,WA,98052,"47.671821750496264, -122.10446154457468",7
"7525 166th Ave NE, Redmond, WA 98052",Redmond,WA,98052,"47.67141717454494, -122.11973940676168",4
"TOWN CENTER EAST, BUILDING 3, 243 Israel Rd SE TC3, Tumwater, WA 98501",Tumwater,WA,98501,"46.98450925020197, -122.9052006845223",1
"7345 Linderson Way SW, Tumwater, WA 98501",Tumwater,WA,98501,"46.98104774802557, -122.92020491204595",1
"901 S 72nd Ave, Yakima, WA 98908",Yakima,WA,98908,"46.58883275712675, -120.6024947292601",2
"819 S 72nd Ave, Yakima, WA 98908",Yakima,WA,98908,"46.589167380190084, -120.60294918588436",2
"1017 S 18th Ave, Yakima, WA 98902",Yakima,WA,98902,"46.58499088414681, -120.53235989782814",2
"301 N 1st St, Yakima, WA 98901",Yakima,WA,98901,"46.60616398806241, -120.5077264908188",2
"17 N 3rd St, Yakima, WA 98901",Yakima,WA,98901,"46.60380191649833, -120.50336370683749",2
"102 N Naches Ave, Yakima, WA 98901",Yakima,WA,98901,"46.605093700812134, -120.50158510013438",2
"17 N 3rd St Ste 101, Yakima, WA 98901",Yakima,WA,98901,"46.60348769403468, -120.50128019612809",2
"802 E Yakima Ave, Yakima, WA 98901",Yakima,WA,98901,"46.6040463104878, -120.49431822131868",4
"121 N Fair Ave, Yakima, WA 98901",Yakima,WA,98901,"46.609701977666056, -120.49192980660303",8
"1001 E Yakima Ave, Yakima, WA 98901",Yakima,WA,98901,"46.60558247603335, -120.488270958528",2
"1603 E Yakima Ave, Yakima, WA 98901",Yakima,WA,98901,"46.605861774179786, -120.48298595575295",8
"1600 E Yakima Ave, Yakima, WA 98901",Yakima,WA,98901,"46.60450018211463, -120.48166470505917",3
"1600 E Chestnut Ave, Yakima, WA 98901",Yakima,WA,98901,"46.60252755854784, -120.47922547300917",8
"512 S 1st St, Selah, WA 98942",Selah,WA,98942,"46.64491397499701, -120.5315553962107",2
"1200 Lum Rd, Centralia, WA 98531",Centralia,WA,98531,"46.729985067835294, -122.9773234309035",20
"817 Harrison Ave, Centralia, WA 98531",Centralia,WA,98531,"46.7256901928424, -122.97431935687797",1
"12 Airport Rd, Centralia, WA 98531",Centralia,WA,98531,"46.71144994214673, -122.9765509547255",4
"914 S Scheuber Rd, Centralia, WA 98531",Centralia,WA,98531,"46.710272893790396, -122.98710812915809",1
"1820 NW Louisiana Ave, Chehalis, WA 98532",Chehalis,WA,98532,"46.68189826408587, -122.97286023524094",1
"700 NW Arkansas Way, Chehalis, WA 98532",Chehalis,WA,98532,"46.67972298724793, -122.97693708271423",8
"1701 NW Louisiana Ave, Chehalis, WA 98532",Chehalis,WA,98532,"46.67988285303931, -122.97721121810875",8
"1610 Anthology Ave NW, Issaquah, WA 98027",Issaquah,WA,98027,"47.55114024270036, -122.07237890711468",19
"Parking lot, 1800 NW Gilman Blvd, Issaquah, WA 98027",Issaquah,WA,98027,"47.546132460618935, -122.06521366296774",2
"755 NW Gilman Blvd, Issaquah, WA 98027",Issaquah,WA,98027,"47.542119029624146, -122.0520519733645",7
"100 Timber Ridge Way NW, Issaquah, WA 98027",Issaquah,WA,98027,"47.53151797805167, -122.06582347098023",1
"6100 E Lake Sammamish Pkwy SE, Issaquah, WA 98029",Issaquah,WA,98029,"47.54815621098706, -122.03990663044878",8
"1460 NE Hawthorne Square, Issaquah, WA 98029",Issaquah,WA,98029,"47.54511963191095, -122.00892207448915",2
"5150 220th Ave SE, Issaquah, WA 98029",Issaquah,WA,98029,"47.55491198911233, -122.04779733502158",4
"1484 Hyla Ave NW, Issaquah, WA 98027",Issaquah,WA,98027,"47.54722917343685, -122.0657358542896",2
"2005 NW Poplar Way, Issaquah, WA 98027",Issaquah,WA,98027,"47.55052194664065, -122.06868325971467",5
"1755 Highlands Dr NE, Issaquah, WA 98027",Issaquah,WA,98027,"47.545822821856845, -122.01872982002362",12
"1451 Highlands Dr NE, Issaquah, WA 98029",Issaquah,WA,98029,"47.543901890424195, -122.0173069346611",3
"1044 NE Ingram St, Issaquah, WA 98029",Issaquah,WA,98029,"47.545754218374945, -122.01570618862829",2
"485 Rainier Blvd N, Issaquah, WA 98027",Issaquah,WA,98027,"47.53491374040687, -122.03758305107691",2
"751 NE Blakely Dr, Issaquah, WA 98027",Issaquah,WA,98027,"47.53637184654359, -122.0229222501096",6
"2196 NW Shy Bear Way, Issaquah, WA 98027",Issaquah,WA,98027,"47.53154756728491, -122.0726618694175",2
"15520 NE Woodinville Duvall Rd, Woodinville, WA 98072",Woodinville,WA,98072,"47.76188038132831, -122.13306784809522",4
"14003 NE Woodinville Duvall Rd, Woodinville, WA 98072",Woodinville,WA,98072,"47.75437929172778, -122.15092063087553",8
"13023 NE 175th St, Woodinville, WA 98072",Woodinville,WA,98072,"47.754033061484044, -122.16688513855405",2
"19128 112th Ave NE, Bothell, WA 98011",Bothell,WA,98011,"47.76764971436703, -122.19177603762274",10
"10835 176th Cir NE, Redmond, WA 98052",Redmond,WA,98052,"47.69837548124527, -122.10886359295279",4
"18655 NE Union Hill Rd, Redmond, WA 98052",Redmond,WA,98052,"47.67618826262972, -122.09169745566406",3
"6205 188th Ln NE, Redmond, WA 98052",Redmond,WA,98052,"47.6625986180216, -122.08847060394636",2
"18005 NE 68th St, Redmond, WA 98052",Redmond,WA,98052,"47.66697926366384, -122.09863407082145",6
"17601 NE Union Hill Rd, Redmond, WA 98052",Redmond,WA,98052,"47.67532885109215, -122.1039190735965",2
"16630 Redmond Way, Redmond, WA 98052",Redmond,WA,98052,"47.67352320528536, -122.11836970492324",2
"15670 NE 85th St, Redmond, WA 98052",Redmond,WA,98052,"47.67966478481852, -122.12994510009997",2
"16015 Cleveland St, Redmond, WA 98052",Redmond,WA,98052,"47.67417792585111, -122.1267965926119",1
"5023 148th Ave NE, Bellevue, WA 98007",Bellevue,WA,98007,"47.65383027287023, -122.1449722258373",1
"1812 Main St, Lake Stevens, WA 98258",Lake Stevens,WA,98258,"48.01487895685997, -122.06548135960892",2
"8805 Soper Hill Rd, Marysville, WA 98270",Marysville,WA,98270,"48.02199797166927, -122.11191576097498",6
"9601 Market Pl, Lake Stevens, WA 98258",Lake Stevens,WA,98258,"47.99839811156225, -122.10050027967796",7
"2000 Tower St, Everett, WA 98201",Everett,WA,98201,"48.00717870619575, -122.20305072916433",6
"1717 13th St, Everett, WA 98201",Everett,WA,98201,"48.00095803127146, -122.20639951602247",7
"1028 13th St, Everett, WA 98201",Everett,WA,98201,"48.00016259403362, -122.21478698552563",4
"2320 California St #3750, Everett, WA 98201",Everett,WA,98201,"47.98062634238671, -122.19774787425149",4
"3201C Broadway, Everett, WA 98201",Everett,WA,98201,"47.97523268075431, -122.20098398472936",12
"3315 Broadway, Everett, WA 98201",Everett,WA,98201,"47.975011447659185, -122.20107649562425",6
"3402 McDougall Ave, Everett, WA 98201",Everett,WA,98201,"47.97213753317432, -122.20008584961997",1
"1925 Weaver Rd, Snohomish, WA 98290",Snohomish,WA,98290,"47.93805282911249, -122.10923335866684",6
"4730 Colby Ave, Everett, WA 98203",Everett,WA,98203,"47.95548054406727, -122.2088353340427",7
"901 Casino Rd, Everett, WA 98204",Everett,WA,98204,"47.92281614441175, -122.24646930225867",2
"1119 13th St, Snohomish, WA 98290",Snohomish,WA,98290,"47.92652654129725, -122.09603109857412",2
"19191 N Kelsey St, Monroe, WA 98272",Monroe,WA,98272,"47.86546965753261, -121.97406949607306",7
"229 SW Everett Mall Way, Everett, WA 98204",Everett,WA,98204,"47.90650674597508, -122.237961039716",2
"10200 Mukilteo Speedway, Mukilteo, WA 98275",Mukilteo,WA,98275,"47.905896125274495, -122.29454991234863",1
"51 Firing Center Rd, Yakima, WA 98901",Yakima,WA,98901,"46.67754805640187, -120.47911836121119",3
"8894 US-12, Naches, WA 98937",Naches,WA,98937,"46.716827342523445, -120.67776560963088",2
"111 1st Ave, Zillah, WA 98953",Zillah,WA,98953,"46.40517746243627, -120.27050774728804",4
"111 Fort Rd, Toppenish, WA 98948",Toppenish,WA,98948,"46.3753401162859, -120.33213418015465",2
"61 W Wapato Rd, Wapato, WA 98951",Wapato,WA,98951,"46.44879048581712, -120.43168288366716",4
"420 Windy Point Dr, Wapato, WA 98951",Wapato,WA,98951,"46.495515950550505, -120.42037534988124",1
"559 S 4th St, Sunnyside, WA 98944",Sunnyside,WA,98944,"46.32459377942575, -120.01620350122475",4
"1831 E Edison Ave, Sunnyside, WA 98944",Sunnyside,WA,98944,"46.32359265917942, -119.99358843365286",4
"115 Wine Country Rd, Grandview, WA 98930",Grandview,WA,98930,"46.25680521806144, -119.90300694069188",4
"40 Merlot Dr, Prosser, WA 99350",Prosser,WA,99350,"46.22142378780087, -119.78799382085725",3
"8196 WA-104, Kingston, WA 98346",Kingston,WA,98346,"47.811306348466076, -122.54110101159388",1
"1434 Olney Ave SE, Port Orchard, WA 98366",Port Orchard,WA,98366,"47.535438946005556, -122.61106236248226",2
"2250 Sidney Ave, Port Orchard, WA 98366",Port Orchard,WA,98366,"47.51341437905236, -122.65226109197528",2
"1900 SE Sedgwick Rd, Port Orchard, WA 98366",Port Orchard,WA,98366,"47.50471792544472, -122.62908680663544",8
"4999 Sidney Rd SW, Port Orchard, WA 98367",Port Orchard,WA,98367,"47.502282660215556, -122.65243275334814",8
"370 SW Sedgwick Rd, Port Orchard, WA 98367",Port Orchard,WA,98367,"47.49706385430616, -122.65208943060237",2
"1900 SE Mullenix Rd, Port Orchard, WA 98367",Port Orchard,WA,98367,"47.468409170051274, -122.62616856329636",4
"10384 SE Sedgwick Rd, Port Orchard, WA 98366",Port Orchard,WA,98366,"47.50471792544472, -122.51493199366524",2
"6979 Birdseye Ave NE, Lacey, WA 98516",Lacey,WA,98516,"47.07023183041814, -122.78873398850297",10
"1 Heron Rd, Port Ludlow, WA 98365",Port Ludlow,WA,98365,"47.922436935474806, -122.68282773222039",6
"888 116th Ave NE, Bellevue, WA 98004",Bellevue,WA,98004,"47.619084995586064, -122.18404917955067",8
"1231 116th Ave NE, Bellevue, WA 98004",Bellevue,WA,98004,"47.62137802608715, -122.1861578365886",4
"11100 NE 8th St, Bellevue, WA 98004",Bellevue,WA,98004,"47.61771246623983, -122.1913650778078",2
"11011 NE 9th St B, Bellevue, WA 98004",Bellevue,WA,98004,"47.61759238958231, -122.19222012819262",8
"10770 NE 8th St, Bellevue, WA 98004",Bellevue,WA,98004,"47.618000649092764, -122.19645975301734",15
"10550 NE 10th St, Bellevue, WA 98004",Bellevue,WA,98004,"47.61905730596402, -122.19973744615913",10
"600 Bellevue Square, Bellevue, WA 98004",Bellevue,WA,98004,"47.615815496421234, -122.20547165356632",10
"300 Bellevue Way NE, Bellevue, WA 98004",Bellevue,WA,98004,"47.61313105048177, -122.2004603795269",10
"325 120th Ave NE, Bellevue, WA 98005",Bellevue,WA,98005,"47.61156254637673, -122.18274194631617",2
"10410 NE 2nd St, Bellevue, WA 98004",Bellevue,WA,98004,"47.612346804309766, -122.20104204526362",6
"10333 NE 1st St, Bellevue, WA 98004",Bellevue,WA,98004,"47.61114024877209, -122.20220537673706",8
"11225 SE 6th St, Bellevue, WA 98004",Bellevue,WA,98004,"47.60423218244627, -122.18954296108392",6
"9611 SE 36th St, Mercer Island, WA 98040",Mercer Island,WA,98040,"47.57721701211586, -122.21036973180163",6
"12903 NE 20th St, Bellevue, WA 98005",Bellevue,WA,98005,"47.627922058093176, -122.167888018752",2
"13817 NE 20th St, Bellevue, WA 98005",Bellevue,WA,98005,"47.62780039587366, -122.15591332964199",3
"3079 156th Ave SE, Bellevue, WA 98007",Bellevue,WA,98007,"47.58191942124627, -122.13648694449542",4
"14762 SE Eastgate Way, Bellevue, WA 98007",Bellevue,WA,98007,"47.58056658276094, -122.14325078777657",3
"13810 SE Eastgate Way, Bellevue, WA 98005",Bellevue,WA,98005,"47.58081805265962, -122.15558055201618",11
"3901 Factoria Blvd SE, Bellevue, WA 98006",Bellevue,WA,98006,"47.575500629642995, -122.16957543414848",2
"3535 Factoria Blvd SE, Bellevue, WA 98006",Bellevue,WA,98006,"47.578657024154715, -122.17147379895746",4
"13180 SE Newport Way, Bellevue, WA 98006",Bellevue,WA,98006,"47.57150394937242, -122.16480637133564",2
"3505 Factoria Blvd SE, Bellevue, WA 98006",Bellevue,WA,98006,"47.57916158951312, -122.17027692403879",2
"Parking lot, 7707 SE 27th St, Mercer Island, WA 98040",Mercer Island,WA,98040,"47.5864947309691, -122.23458945841445",1
"16000 NE 10th St, Bellevue, WA 98008",Bellevue,WA,98008,"47.61914944031872, -122.12708811158073",2
"15350 Bel-Red Rd, Redmond, WA 98052",Redmond,WA,98052,"47.62915056576634, -122.13618441443394",2
"2041 148th Ave NE, Bellevue, WA 98007",Bellevue,WA,98007,"47.62832862762625, -122.14390864925902",6
"2301 140th Ave NE, Bellevue, WA 98005",Bellevue,WA,98005,"47.63069166493961, -122.1561048095091",1
"330 120th Ave NE, Bellevue, WA 98005",Bellevue,WA,98005,"47.61284383203029, -122.17873043952395",4
"2168 116th Ave NE, Bellevue, WA 98004",Bellevue,WA,98004,"47.630577021426916, -122.18498710045938",5
"10201 NE 4th St, Bellevue, WA 98004",Bellevue,WA,98004,"47.61304795556295, -122.20653060275677",4
"860 SE Barrington Dr, Oak Harbor, WA 98277",Oak Harbor,WA,98277,"48.292081019649984, -122.64637981625489",1
"1450 SW Erie St, Oak Harbor, WA 98277",Oak Harbor,WA,98277,"48.28591319541628, -122.66320263079788",1
"802 NW Alexander St, Coupeville, WA 98239",Coupeville,WA,98239,"48.2193904724223, -122.68963848222256",4
"818 N Sunrise Blvd, Camano, WA 98282",Camano,WA,98282,"48.23951643820097, -122.45514904685821",4
"100 Washington St, La Conner, WA 98257",La Conner,WA,98257,"48.39089289403714, -122.49737774458855",2
"24015 84th Ave W, Edmonds, WA 98026",Edmonds,WA,98026,"47.781394888740124, -122.3456737451489",2
"23204 58th Ave W, Mountlake Terrace, WA 98043",Mountlake Terrace,WA,98043,"47.78794057587355, -122.31172770866038",3
"2405 N 202nd Pl, Shoreline, WA 98133",Shoreline,WA,98133,"47.776474425007045, -122.33229706515293",2
"24329 Hwy 99, Edmonds, WA 98026",Edmonds,WA,98026,"47.77818265075112, -122.34422783464743",2
"9803 Edmonds Way, Edmonds, WA 98020",Edmonds,WA,98020,"47.79120487794447, -122.36616429841858",2
"23700 104th Ave W, Edmonds, WA 98020",Edmonds,WA,98020,"47.7842986242676, -122.37261387644438",1
"600 3rd Ave S, Edmonds, WA 98020",Edmonds,WA,98020,"47.805691486683884, -122.3826913421097",1
"Parking lot, 609 Front St, Mukilteo, WA 98275",Mukilteo,WA,98275,"47.948093403935424, -122.30684792718657",3
"1211 24th St, Anacortes, WA 98221",Anacortes,WA,98221,"48.50084988006738, -122.6158912882033",2
"Sunrise Inn Villas & Suites, 905 20th St, Anacortes, WA 98221",Anacortes,WA,98221,"48.50619245193015, -122.6116790860038",1
"909 17th St, Anacortes, WA 98221",Anacortes,WA,98221,"48.50806620567553, -122.6119799575895",1
"1014 18th St, Anacortes, WA 98221",Anacortes,WA,98221,"48.50806620567553, -122.61390553573783",2
"715 Seafarers Way, Anacortes, WA 98221",Anacortes,WA,98221,"48.51005948467067, -122.60824914992706",4
"911 11th St, Anacortes, WA 98221",Anacortes,WA,98221,"48.512889806129124, -122.61204013190661",2
"Library, M Ave. and 9th near, Anacortes, WA 98221",Anacortes,WA,98221,"48.514324838297306, -122.61727529749743",2
"419 Commercial Ave, Anacortes, WA 98221",Anacortes,WA,98221,"48.518477582554254, -122.61211443985373",2
"5TH Q Ave, Anacortes, WA 98221",Anacortes,WA,98221,"48.51817020578489, -122.61130892145205",4
"6 Q Ave, Anacortes, WA 98221",Anacortes,WA,98221,"48.51775263435568, -122.61073104955521",2
"10506 W Aero Rd, Spokane, WA 99224",Spokane,WA,99224,"47.59047434061204, -117.56211813996589",8
"10810 W Westbow Rd, Spokane, WA 99201",Spokane,WA,99201,"47.59033725047858, -117.56557371870342",2
"1354 W Bridge Ave, Spokane, WA 99201",Spokane,WA,99201,"47.66356619843147, -117.43169145156807",2
"1411 Iron Brg Wy, Spokane, WA 99202",Spokane,WA,99202,"47.66452447831724, -117.38941142936773",20
"4909 W Barnes Rd, Spokane, WA 99208",Spokane,WA,99208,"47.74099318199756, -117.48291532461852",2
"44 E Hawthorne Rd, Spokane, WA 99218",Spokane,WA,99218,"47.75042429688068, -117.40892528576786",2
"9000 N Division St, Spokane, WA 99218",Spokane,WA,99218,"47.74017300429449, -117.40973836311791",7
"4001 N Cook St, Spokane, WA 99207",Spokane,WA,99207,"47.693675154859, -117.37477603706759",2
"2904 E Sprague Ave, Spokane, WA 99202",Spokane,WA,99202,"47.657268492970104, -117.36786487959253",2
"400 S Thor St, Spokane, WA 99202",Spokane,WA,99202,"47.65316088447288, -117.36054718344245",6
"500 S Stone St, Spokane, WA 99202",Spokane,WA,99202,"47.6516546803971, -117.37802834646763",2
"6004 S Regal St, Spokane, WA 99223",Spokane,WA,99223,"47.599458436097905, -117.36949103429255",2
"6901 E Sprague Ave, Spokane Valley, WA 99212",Spokane Valley,WA,99212,"47.657268492970104, -117.31277888912956",2
"8325 E Sprague Ave, Spokane Valley, WA 99212",Spokane Valley,WA,99212,"47.657542322047846, -117.29204541670438",11
"8300 E Sprague Ave, Spokane Valley, WA 99212",Spokane Valley,WA,99212,"47.656537191728624, -117.29416240143384",4
"8801 E Sprague Ave, Spokane Valley, WA 99212",Spokane Valley,WA,99212,"47.65728568666137, -117.2872171643278",1
"10006 E Sprague Ave, Spokane Valley, WA 99206",Spokane Valley,WA,99206,"47.657098563934085, -117.27054859527331",1
"1601 E Mission Ave, Spokane, WA 99202",Spokane,WA,99202,"47.67219648320383, -117.38643094342318",2
"1330 N Washington St, Spokane, WA 99201",Spokane,WA,99201,"47.66993798448135, -117.41651480537104",3
"1208 W 3rd Ave, Spokane, WA 99201",Spokane,WA,99201,"47.654057295053924, -117.43155673634615",2
"2726 S Flint Rd, Spokane, WA 99224",Spokane,WA,99224,"47.62991510152039, -117.53567909112012",2
"15727 E Broadway Ave, Spokane Valley, WA 99037",Spokane Valley,WA,99037,"47.66544274589702, -117.19077617329299",16
"19011 E Cataldo Ave, Spokane Valley, WA 99016",Spokane Valley,WA,99016,"47.667399708844016, -117.14890486884416",1
"21728 E Mission Ave, Liberty Lake, WA 99019",Liberty Lake,WA,99019,"47.674248501368275, -117.11310952655512",12
"22302 E Country Vista Dr, Liberty Lake, WA 99019",Liberty Lake,WA,99019,"47.667666561742976, -117.10650521985973",2
"22609 E Mission Ave, Liberty Lake, WA 99019",Liberty Lake,WA,99019,"47.67193602257869, -117.1012217745034",2
"17016 E Indiana Ave, Spokane Valley, WA 99016",Spokane Valley,WA,99016,"47.670504077210225, -117.17678516997348",1
"506 E Hastings Rd B, Spokane, WA 99218",Spokane,WA,99218,"47.76917505819217, -117.40149602975316",2
"1513 1st St, Snohomish, WA 98290",Snohomish,WA,98290,"47.91210635758353, -122.10149395798182",3
"1615 1st St, Snohomish, WA 98290",Snohomish,WA,98290,"47.91241175959667, -122.10204200690384",4
"680f W Washington St, Sequim, WA 98382",Sequim,WA,98382,"48.08075101568726, -123.11783280245731",2
"216 E Washington St, Sequim, WA 98382",Sequim,WA,98382,"48.08017759262855, -123.099207543499",1
"150 N Govan Ave, Sequim, WA 98382",Sequim,WA,98382,"48.08006290724981, -123.09774842182946",2
"1441 E Washington St, Sequim, WA 98382",Sequim,WA,98382,"48.07117401267639, -123.07457413648967",8
"51 Carlsborg Rd, Sequim, WA 98382",Sequim,WA,98382,"48.08034485299896, -123.17358586146096",2
"303 Sunny View Dr, Sequim, WA 98382",Sequim,WA,98382,"48.0621067255407, -123.16774937478277",2
"630 Marine Dr, Sequim, WA 98382",Sequim,WA,98382,"48.14952815258638, -123.15331661704708",2
"939 Finn Hall Rd, Port Angeles, WA 98362",Port Angeles,WA,98362,"48.11600958286212, -123.25527965494672",2
"339 Finn Hall Rd, Port Angeles, WA 98362",Port Angeles,WA,98362,"48.11475174036753, -123.26865629351727",1
"135 Wapato Way, Manson, WA 98831",Manson,WA,98831,"47.88553570090533, -120.15720593066186",2
"135 E Johnson Ave, Chelan, WA 98816",Chelan,WA,98816,"47.841132469194434, -120.01736949255276",2
"104 W Woodin Ave, Chelan, WA 98816",Chelan,WA,98816,"47.83963169480947, -120.02001199394027",1
"3155 US-97 ALT, Chelan, WA 98816",Chelan,WA,98816,"47.834924438986775, -120.0687966349407",1
"300 Ivan Morse Rd, Manson, WA 98831",Manson,WA,98831,"47.896842027197664, -120.13317499107093",1
"420 Pease Rd, Burlington, WA 98233",Burlington,WA,98233,"48.45705407933229, -122.33049347606503",2
"448 Fashion Way, Burlington, WA 98233",Burlington,WA,98233,"48.455471030640894, -122.34096784327903",2
"1670 S Burlington Blvd, Burlington, WA 98233",Burlington,WA,98233,"48.45417147616627, -122.3341274402005",2
"1790 S Burlington Blvd, Burlington, WA 98233",Burlington,WA,98233,"48.4523520440189, -122.3348043550885",2
"1815 Marketplace Dr, Burlington, WA 98233",Burlington,WA,98233,"48.45124580781288, -122.3398094673821",16
"655 Auto Blvd, Burlington, WA 98233",Burlington,WA,98233,"48.45013801528351, -122.34418082180633",2
"2301 Freeway Dr, Mount Vernon, WA 98273",Mount Vernon,WA,98273,"48.44246844807337, -122.34456625913111",8
"1901 Hoag Rd, Mount Vernon, WA 98273",Mount Vernon,WA,98273,"48.44334492090216, -122.31621018654961",6
"2405 E College Way, Mount Vernon, WA 98273",Mount Vernon,WA,98273,"48.436804720583666, -122.3087908557308",6
"1800 Continental Pl, Mount Vernon, WA 98273",Mount Vernon,WA,98273,"48.437546435115415, -122.32535730673719",1
"315 E College Way, Mount Vernon, WA 98273",Mount Vernon,WA,98273,"48.4364675740349, -122.3375534669873",2
"105 E Kincaid St, Mount Vernon, WA 98273",Mount Vernon,WA,98273,"48.418393245031986, -122.33440279225603",3
"306 Anderson Rd, Mount Vernon, WA 98273",Mount Vernon,WA,98273,"48.399030398870025, -122.33430115758726",1
"Old Hwy 99 N #9394, Burlington, WA 98233",Burlington,WA,98233,"48.50938946072707, -122.33810019982697",12
"625 S College Ave, College Place, WA 99324",College Place,WA,99324,"46.04296589413728, -118.38743867669317",2
"1531 Kelly Pl, Walla Walla, WA 99362",Walla Walla,WA,99362,"46.045825501179145, -118.3568829523192",2
"La Quinta Inn & Suites, 776 Silverstone Dr, Walla Walla, WA 99362",Walla Walla,WA,99362,"46.06808875749928, -118.37233819320032",4
"28 Roland Ct, Walla Walla, WA 99362",Walla Walla,WA,99362,"46.022372337689546, -118.41065756129518",1
"3471 Pranger Rd, Walla Walla, WA 99362",Walla Walla,WA,99362,"46.023222430345214, -118.36058528796997",1
"3796 Peppers Bridge Rd, Walla Walla, WA 99362",Walla Walla,WA,99362,"46.016336303968366, -118.38592748987294",2
"1615 Whiteley Rd, Walla Walla, WA 99362",Walla Walla,WA,99362,"46.010809237211014, -118.36153518956867",2
"3853 Powerline Rd, Walla Walla, WA 99362",Walla Walla,WA,99362,"46.01438580322873, -118.31029426908684",1
"6 W Rose St, Walla Walla, WA 99362",Walla Walla,WA,99362,"46.06785713938215, -118.34151727821671",3
"345 Boyer Ave, Walla Walla, WA 99362",Walla Walla,WA,99362,"46.068452634579764, -118.33035928897903",1
"Kingfisher Trail, Walla Walla, WA 99362",Walla Walla,WA,99362,"46.07815830050031, -118.27396852798547",8
"2929 Melrose St, Walla Walla, WA 99362",Walla Walla,WA,99362,"46.081135156541194, -118.28469736379094",3
"150 E Boeing Ave, Walla Walla, WA 99362",Walla Walla,WA,99362,"46.08899328480846, -118.27791673956189",1
"760 C St, Walla Walla, WA 99362",Walla Walla,WA,99362,"46.09196955624457, -118.27122194601927",2
"505 US Hwy 2, Leavenworth, WA 98826",Leavenworth,WA,98826,"47.58897843216596, -120.67343981441817",1
"700 US Hwy 2, Leavenworth, WA 98826",Leavenworth,WA,98826,"47.59557725135678, -120.66429884631195",2
"1329 US Hwy 2, Leavenworth, WA 98826",Leavenworth,WA,98826,"47.598673778754396, -120.65610201575656",16
"116 River Bend Dr, Leavenworth, WA 98826",Leavenworth,WA,98826,"47.59728470501637, -120.64580233338332",8
"301 Ward Strasse, Leavenworth, WA 98826",Leavenworth,WA,98826,"47.596054765195724, -120.64404280431121",1
"7375 Cyo Rd, Leavenworth, WA 98826",Leavenworth,WA,98826,"47.551809086024285, -120.68061282193376",4
"2705 Triple L Loop, Cle Elum, WA 98922",Cle Elum,WA,98922,"47.00803534021884, -120.59046666791093",6
"1307 N Dolarway Rd, Ellensburg, WA 98926",Ellensburg,WA,98926,"47.00586977572655, -120.5872909325125",6
"1911 W Dolarway Rd, Ellensburg, WA 98926",Ellensburg,WA,98926,"47.001889590414805, -120.57656209670705",6
"269-299 N Main St, Ellensburg, WA 98926",Ellensburg,WA,98926,"46.9945761109805, -120.54938321446714",3
"1406 Canyon Rd, Ellensburg, WA 98926",Ellensburg,WA,98926,"46.97928848696225, -120.54343758634523",8
"Canyon Rd #1500, Ellensburg, WA 98926",Ellensburg,WA,98926,"46.978152146020946, -120.54254146920105",12
"1600 Canyon Rd, Ellensburg, WA 98926",Ellensburg,WA,98926,"46.97732160727877, -120.54267131395083",4
"1620 Canyon Rd, Ellensburg, WA 98926",Ellensburg,WA,98926,"46.976873110994006, -120.54161632535883",5
"4301 212th St SW, Mountlake Terrace, WA 98043",Mountlake Terrace,WA,98043,"47.8074909884939, -122.29074766646285",1
"21975 52nd Ave W, Mountlake Terrace, WA 98043",Mountlake Terrace,WA,98043,"47.7989586907403, -122.30254938584888",2
"24015 Van Ry Blvd, Mountlake Terrace, WA 98043",Mountlake Terrace,WA,98043,"47.78067644635043, -122.31430815533868",21
"190 SE Crestview St, Pullman, WA 99163",Pullman,WA,99163,"46.719885667886714, -117.18227642043033",6
"1190 SE Bishop Blvd, Pullman, WA 99163",Pullman,WA,99163,"46.715854800813204, -117.16652648946793",3
"455 SE Paradise St, Pullman, WA 99163",Pullman,WA,99163,"46.72921141024774, -117.17721240993016",2
"150 E Spring St, Pullman, WA 99163",Pullman,WA,99163,"46.73029979877051, -117.17450874330719",2
"305 NE Spokane St, Pullman, WA 99163",Pullman,WA,99163,"46.73003505764003, -117.16927307143311",2
"NE Troy Ln, Pullman, WA 99163",Pullman,WA,99163,"46.72965265148741, -117.16146247896671",2
"2000 Grimes Way, Pullman, WA 99164",Pullman,WA,99164,"46.729711483379674, -117.15639846846653",2
"Terrell Parking Garage, Pullman, WA 99163",Pullman,WA,99163,"46.73250592434476, -117.16433780696259",2
"520 Morris St, La Conner, WA 98257",La Conner,WA,98257,"48.39191858062745, -122.49072481830264",2
"224-B N Main St, Colville, WA 99114",Colville,WA,99114,"48.54578884674896, -117.9055543775939",2
"158 E 1st Ave, Colville, WA 99114",Colville,WA,99114,"48.543996164416875, -117.90471193715399",2
"401 S Main St, Colville, WA 99114",Colville,WA,99114,"48.54101086903008, -117.9053651337438",1
"525 S Main St, Colville, WA 99114",Colville,WA,99114,"48.539474165826505, -117.90523528899402",1
"519 S Main St, Colville, WA 99114",Colville,WA,99114,"48.539710584740455, -117.9053651337438",1
"201 Cascade Ave, Langley, WA 98260",Langley,WA,98260,"48.03960718935528, -122.40620430262044",2
"305 Second Street, Langley, WA 98260",Langley,WA,98260,"48.039922821469965, -122.40980919145107",2
"400 1st St, Langley, WA 98260",Langley,WA,98260,"48.041185330590864, -122.4108391596884",2
"1611 Love Ln, Wenatchee, WA 98801",Wenatchee,WA,98801,"47.47617055492951, -120.37690952225243",1
"Cottage &, Museum St, Cashmere, WA 98815",Cashmere,WA,98815,"47.52082133626581, -120.45587375378068",2
"300 Aplets Way, Cashmere, WA 98815",Cashmere,WA,98815,"47.52348758359246, -120.47012164773035",2
"153 Easy St, Wenatchee, WA 98801",Wenatchee,WA,98801,"47.468442278046126, -120.33499064789233",4
"148 Easy St, Wenatchee, WA 98801",Wenatchee,WA,98801,"47.4676334289777, -120.33697308516442",2
"327 Penny Rd, Wenatchee, WA 98801",Wenatchee,WA,98801,"47.4661694016499, -120.32907798580266",8
"1351 Walla Walla Ave, Wenatchee, WA 98801",Wenatchee,WA,98801,"47.44267902115675, -120.31643758019061",1
"326 N Wenatchee Ave, Wenatchee, WA 98801",Wenatchee,WA,98801,"47.42977939883682, -120.31504709491712",2
"2 2nd St, Wenatchee, WA 98801",Wenatchee,WA,98801,"47.42786910696302, -120.31200401594963",2
"400 Highline Dr, East Wenatchee, WA 98802",East Wenatchee,WA,98802,"47.39907925306022, -120.28136751897468",1
"16010 Rd 1 NW #16010, Quincy, WA 98848",Quincy,WA,98848,"47.10454335920049, -119.834714112408",8
"Bing Ave #224, George, WA 98848",George,WA,98848,"47.0821046785888, -119.86080664108688",12
"344 Silica Rd NW, Quincy, WA 98848",Quincy,WA,98848,"47.0984671500719, -119.99538915743072",3
"2709 W Broadway Ave, Moses Lake, WA 98837",Moses Lake,WA,98837,"47.104162330623076, -119.31031737029704",12
"2380 Maiers Rd, Moses Lake, WA 98837",Moses Lake,WA,98837,"47.102669159313976, -119.25125556490599",1
"306 S Ash St, Moses Lake, WA 98837",Moses Lake,WA,98837,"47.12915981217253, -119.27943668346117",2
"312 W 3rd Ave, Moses Lake, WA 98837",Moses Lake,WA,98837,"47.12879052539238, -119.28212811287231",3
"18805 US-2, Monroe, WA 98272",Monroe,WA,98272,"47.86251511056341, -121.97675207547614",12
"19651 US-2, Monroe, WA 98272",Monroe,WA,98272,"47.86009649131227, -121.96739653065376",2
"17520 WA-9, Snohomish, WA 98296",Snohomish,WA,98296,"47.83907544900028, -122.12497724087372",1
"20124 Broadway Ave, Snohomish, WA 98296",Snohomish,WA,98296,"47.8149885196014, -122.11244596065292",1
"14579 US-97 ALT, Entiat, WA 98822",Entiat,WA,98822,"47.68458679954616, -120.20663847502175",8
"430-710 228th Ave NE, Sammamish, WA 98074",Sammamish,WA,98074,"47.616439175495685, -122.03330811299985",8
"510 228th Ave NE, Sammamish, WA 98074",Sammamish,WA,98074,"47.61396145183124, -122.03440296283922",1
"4010 A St SE, Auburn, WA 98002",Auburn,WA,98002,"47.272736682082815, -122.2277883016926",2
"4111 A St SE, Auburn, WA 98002",Auburn,WA,98002,"47.2768898813044, -122.21370930063539",1
"1701 Auburn Way S, Auburn, WA 98002",Auburn,WA,98002,"47.29322917656189, -122.21271942124254",2
"13398 Newcastle Commons Dr, Newcastle, WA 98059",Newcastle,WA,98059,"47.54404064913522, -122.16227217553197",4
"7447 84th Ave SE, Mercer Island, WA 98040",Mercer Island,WA,98040,"47.53626950040993, -122.22789230611271",2
"1300 N 20th St, Renton, WA 98056",Renton,WA,98056,"47.50991515617617, -122.20139309146512",1
"4601 Sunset Blvd NE, Renton, WA 98059",Renton,WA,98059,"47.5048966760746, -122.15853754061057",12
"3011 Sunset Blvd NE, Renton, WA 98056",Renton,WA,98056,"47.5026249957577, -122.17675897007975",1
"1103 Lake Washington Blvd N, Renton, WA 98056",Renton,WA,98056,"47.50204385244424, -122.2005328523056",10
"1111 Lake Washington Blvd N Suite 400, Renton, WA 98056",Renton,WA,98056,"47.50248278455472, -122.2031460629014",36
"780 Logan Ave N, Renton, WA 98057",Renton,WA,98057,"47.49407422976538, -122.20664422046167",3
"2725 Sunset Blvd NE, Renton, WA 98056",Renton,WA,98056,"47.499007686106346, -122.18056842402343",1
"200 S 3rd St, Renton, WA 98057",Renton,WA,98057,"47.47998694873788, -122.21418580761157",2
"1 Cowlitz Wy, Ridgefield, WA 98642",Ridgefield,WA,98642,"45.85354652891881, -122.70888925929158",23
"125 N 65th Ave, Ridgefield, WA 98642",Ridgefield,WA,98642,"45.8176665857664, -122.68314005335846",12
"101 S 47th Ave, Ridgefield, WA 98642",Ridgefield,WA,98642,"45.81587198133789, -122.7004778520201",2
"210 N Main Ave, Ridgefield, WA 98642",Ridgefield,WA,98642,"45.816829110897146, -122.74631143858105",2
"2211 NE 139th St, Vancouver, WA 98686",Vancouver,WA,98686,"45.72062892809173, -122.64869921184304",2
"800 NE Tenney Rd, Vancouver, WA 98685",Vancouver,WA,98685,"45.7217642287598, -122.66394441215567",12
"9000 NE Hwy 99, Vancouver, WA 98665",Vancouver,WA,98665,"45.687466978657, -122.66116368504301",12
"Parking lot, 8700 NE Vancouver Mall Dr, Vancouver, WA 98662",Vancouver,WA,98662,"45.65962022354804, -122.58334888113798",8
"7809 NE Vancouver Plaza Dr, Vancouver, WA 98663",Vancouver,WA,98663,"45.649958704581685, -122.59341071334433",8
"6916 NE Fourth Plain Blvd, Vancouver, WA 98661",Vancouver,WA,98661,"45.645624687680005, -122.60174475618189",12
"1800 NE Andresen Rd, Vancouver, WA 98661",Vancouver,WA,98661,"45.63716883706338, -122.60062677482563",4
"850 Officers Row, Vancouver, WA 98661",Vancouver,WA,98661,"45.63001258808584, -122.66339587902054",4
"430 SE 192nd Ave, Vancouver, WA 98683",Vancouver,WA,98683,"45.61754148349994, -122.47837296501483",7
"11508 NE 119th St, Vancouver, WA 98662",Vancouver,WA,98662,"45.70999798494254, -122.55377874464959",4
"17702 NE 122nd Ave, Battle Ground, WA 98604",Battle Ground,WA,98604,"45.75116423379395, -122.54791614710503",3
"2100 NE 139th St, Vancouver, WA 98686",Vancouver,WA,98686,"45.722135566005456, -122.65070388077906",2
"6708 NE 63rd St, Vancouver, WA 98661",Vancouver,WA,98661,"45.668498438844104, -122.60332675158095",1
"4301 NE Fourth Plain Blvd, Vancouver, WA 98661",Vancouver,WA,98661,"45.63930809127054, -122.62397249140868",6
"3517 NE Auto Mall Dr, Vancouver, WA 98662",Vancouver,WA,98662,"45.648338109993, -122.59645197041618",2
"3608 NE Auto Mall Dr, Vancouver, WA 98662",Vancouver,WA,98662,"45.64795472134696, -122.59784414498175",7
"5406 NE 107th Ave, Vancouver, WA 98662",Vancouver,WA,98662,"45.66157815352893, -122.56354602613946",1
"18712 12th Ave NE, Shoreline, WA 98155",Shoreline,WA,98155,"47.76427267470132, -122.31561653707566",1
"1201 N 175th St, Shoreline, WA 98133",Shoreline,WA,98133,"47.755762480954694, -122.3437745649881",12
"1408 NW Richmond Beach Rd, Shoreline, WA 98177",Shoreline,WA,98177,"47.76942365578568, -122.37545907587662",1
"17990 Midvale Ave N, Shoreline, WA 98133",Shoreline,WA,98133,"47.75934690496841, -122.34483031379271",2
"13280 Linden Ave N, Seattle, WA 98133",Seattle,WA,98133,"47.72679429923765, -122.3466327579661",2
"1700 Allen St, Kelso, WA 98626",Kelso,WA,98626,"46.14528413625563, -122.89378808358445",2
"207 Three Rivers Dr, Kelso, WA 98626",Kelso,WA,98626,"46.14325574614661, -122.89851709239743",12
"351 Three Rivers Dr, Kelso, WA 98626",Kelso,WA,98626,"46.13995042690951, -122.90125421699582",8
"1600 Maple St, Longview, WA 98632",Longview,WA,98632,"46.14211787175783, -122.939652164933",2
"961 12th Ave, Longview, WA 98632",Longview,WA,98632,"46.131171402716035, -122.93589839405523",2
"700 7th Ave, Longview, WA 98632",Longview,WA,98632,"46.12531794238755, -122.92878187009947",1
"875 Industrial Way, Longview, WA 98632",Longview,WA,98632,"46.12537214394741, -122.92878187009947",1
"10 International Way, Longview, WA 98632",Longview,WA,98632,"46.10710319896523, -122.94207647529156",2
"215 N Hendrickson Dr, Kalama, WA 98625",Kalama,WA,98625,"46.0044309143826, -122.84545315765425",2
"204 Cowlitz St W, Castle Rock, WA 98611",Castle Rock,WA,98611,"46.27615144641288, -122.91125842407756",1
"1212 Abernathy Creek Rd, Longview, WA 98632",Longview,WA,98632,"46.219407650027385, -123.14815111866234",1
"1115 SE 164th Ave, Vancouver, WA 98684",Vancouver,WA,98684,"45.61340648673639, -122.5021649174689",2
"98 S A St, Washougal, WA 98671",Washougal,WA,98671,"45.578439628930184, -122.38013248711323",2
"431 Water St, Port Townsend, WA 98368",Port Townsend,WA,98368,"48.11669311806795, -122.75151416599292",2
"2409 Jefferson St, Port Townsend, WA 98368",Port Townsend,WA,98368,"48.10901408813163, -122.77348682172253",1
"301 10th St, Port Townsend, WA 98368",Port Townsend,WA,98368,"48.10700818234422, -122.78018161526515",1
"442 W Sims Way, Port Townsend, WA 98368",Port Townsend,WA,98368,"48.10809711234319, -122.78198405968047",2
"7th and, Hendricks St, Port Townsend, WA 98368",Port Townsend,WA,98368,"48.10488756823995, -122.7946011705877",1
"63 Four Corners Rd, Port Townsend, WA 98368",Port Townsend,WA,98368,"48.050900331043664, -122.81826096142946",8
"751 Highland Dr, Port Ludlow, WA 98365",Port Ludlow,WA,98365,"47.90510659605102, -122.69276322472571",6
"13205 NE 175th St, Woodinville, WA 98072",Woodinville,WA,98072,"47.75359583745285, -122.16315754252699",12
"11804 N Creek Pkwy S, Bothell, WA 98011",Bothell,WA,98011,"47.76334718987884, -122.18152530942594",2
"3830 Monte Villa Pkwy, Bothell, WA 98021",Bothell,WA,98021,"47.77707676451809, -122.18152530942594",2
"18231 110th Ave NE, Bothell, WA 98011",Bothell,WA,98011,"47.75976624716609, -122.19404155848343",14
"Parking lot, 6704 NE 181st St, Kenmore, WA 98028",Kenmore,WA,98028,"47.75965084928898, -122.25094730359567",11
"810 S Main St, Deer Park, WA 99006",Deer Park,WA,99006,"47.94622940083243, -117.47838562250902",2
"1100 S Main St, Deer Park, WA 99006",Deer Park,WA,99006,"47.94391569306505, -117.4775632163255",2
"461 S Fork Ave SW, North Bend, WA 98045",North Bend,WA,98045,"47.49094072385043, -121.79633422262846",38
"North Bend, WA, 98045, US, SW Mt Si Blvd, North Bend, WA 98045",North Bend,WA,98045,"47.489567201202796, -121.7916590278659",4
"400 SE Orchard Dr, North Bend, WA 98045",North Bend,WA,98045,"47.49052070737782, -121.78435151285302",1
"46600 SE N Bend Way, North Bend, WA 98045",North Bend,WA,98045,"47.468023452010854, -121.71666097379367",8
"8125 Falls Ave SE, Snoqualmie, WA 98065",Snoqualmie,WA,98065,"47.52773328498861, -121.82369112851768",2
"38579 SE River St, Snoqualmie, WA 98065",Snoqualmie,WA,98065,"47.52709576803626, -121.826266049111",2
"6501 Railroad Ave, Fall City, WA 98024",Fall City,WA,98024,"47.54187257790935, -121.83519244050115",1
"37500 SE North Bend Way, Snoqualmie, WA 98065",Snoqualmie,WA,98065,"47.51856708809898, -121.84199954977582",4
"Parking lot, 35016 SE Ridge St, Snoqualmie, WA 98065",Snoqualmie,WA,98065,"47.532636691462244, -121.87318674465355",2
"507 E Main St, Battle Ground, WA 98604",Battle Ground,WA,98604,"45.78064006505233, -122.53217110395391",4
"SE 280th St, Maple Valley, WA 98038",Maple Valley,WA,98038,"47.351221221662804, -122.02689928767666",2
"26520 Maple Valley Black Diamond Rd SE, Maple Valley, WA 98038",Maple Valley,WA,98038,"47.36271661442521, -122.01787314010629",4
"18631 SE 300th Pl, Covington, WA 98042",Covington,WA,98042,"47.33221980024341, -122.09333173429908",2
"18025 SE 272nd St, Kent, WA 98042",Kent,WA,98042,"47.35619471308362, -122.10103404689248",2
"17700 SE 272nd St, Covington, WA 98042",Covington,WA,98042,"47.36001351846271, -122.10357776156006",3
"17432 SE 270th Pl, Covington, WA 98042",Covington,WA,98042,"47.36033836869798, -122.10770858976963",7
"27130 172nd Ave SE, Covington, WA 98042",Covington,WA,98042,"47.358469293285744, -122.11205838888749",4
"10822 SE 248th St, Kent, WA 98030",Kent,WA,98030,"47.38070244251373, -122.19684541315897",2
"26600 72nd Ave S #101, Kent, WA 98032",Kent,WA,98032,"47.364194345272615, -122.24207818491483",2
"11803 NE 124th Ave, Vancouver, WA 98682",Vancouver,WA,98682,"45.707870273251835, -122.54362977744738",2
"11714 NE 72nd Ave, Vancouver, WA 98686",Vancouver,WA,98686,"45.70727089978716, -122.60027803050029",1
"2723 NE 134th St, Vancouver, WA 98682",Vancouver,WA,98682,"45.71601559945487, -122.64216900363368",12
"8600 NE 117th Ave, Vancouver, WA 98662",Vancouver,WA,98662,"45.684870982802906, -122.55338662662408",2
"Elderberry St SW #19615, Rochester, WA 98579",Rochester,WA,98579,"46.80333730013261, -123.01241495076994",12
"Sargent Rd SW #19770, Rochester, WA 98579",Rochester,WA,98579,"46.801483862659374, -123.01526511871933",12
"1920 Schurman Way, Woodland, WA 98674",Woodland,WA,98674,"45.926361047368594, -122.76001498633865",2
"123 E Front St, Port Angeles, WA 98362",Port Angeles,WA,98362,"48.11985455396478, -123.43091443986039",1
"939 Caroline St, Port Angeles, WA 98362",Port Angeles,WA,98362,"48.11548958985487, -123.41552640526012",1
"110 S Golf Course Rd, Port Angeles, WA 98362",Port Angeles,WA,98362,"48.10534733253234, -123.40291217947193",2
"308 E 4th St, Port Angeles, WA 98362",Port Angeles,WA,98362,"48.11390223823245, -123.43124465519517",6
"110 E 3rd St, Port Angeles, WA 98362",Port Angeles,WA,98362,"48.116239155519395, -123.43500911001153",2
"3411 E Kolonels Way, Port Angeles, WA 98362",Port Angeles,WA,98362,"48.11003336088596, -123.36115131662189",7
"97 Deer Park Rd, Port Angeles, WA 98362",Port Angeles,WA,98362,"48.10349968096841, -123.34278354972292",3
"416 Lake Crescent Rd, Port Angeles, WA 98363",Port Angeles,WA,98363,"48.05798994855349, -123.79980839320342",2
"152 Roosevelt Ave E, Enumclaw, WA 98022",Enumclaw,WA,98022,"47.19837621390551, -121.97973920250558",2
"10799 Ridgeline Dr, Kennewick, WA 99338",Kennewick,WA,99338,"46.19678360957336, -119.26664364008123",2
"1125 Aaron Dr, Richland, WA 99352",Richland,WA,99352,"46.26148171334404, -119.28509859180546",2
"4823 Broadmoor Blvd, Pasco, WA 99301",Pasco,WA,99301,"46.27192466682407, -119.22124056110759",4
"2411 W Court St, Pasco, WA 99301",Pasco,WA,99301,"46.244388952717955, -119.12442354679904",3
"2811 W 10th Ave, Kennewick, WA 99336",Kennewick,WA,99336,"46.198782212685366, -119.16356233981736",8
"Tapteal Dr, Richland, WA 99352",Richland,WA,99352,"46.23204086802512, -119.22673372503998",4
"13209 39th Ave SE, Mill Creek, WA 98012",Mill Creek,WA,98012,"47.87743874558532, -122.17945968458474",2
"210 N Cedar St, Cook, WA 98605",Cook,WA,98605,"45.71411053337925, -121.46170228001318",2
"400 W Steuben St, Cook, WA 98605",Cook,WA,98605,"45.71650769530507, -121.47071450208979",1
"119 NE Church Ave, White Salmon, WA 98672",White Salmon,WA,98672,"45.72831221748286, -121.48513405741234",3
"12819 Yelm Hwy SE, Olympia, WA 98513",Olympia,WA,98513,"47.001902084386344, -122.66943758895532",4
"2480 US-12, Ethel, WA 98542",Ethel,WA,98542,"46.531292163528825, -122.63234769262014",3
"3925 236th Ave NE, Redmond, WA 98053",Redmond,WA,98053,"47.64510563736731, -122.02699051562463",2
"101 N Forks Ave, Forks, WA 98331",Forks,WA,98331,"47.95158176841072, -124.38532144927586",6
"100 Fern Hill Rd, Forks, WA 98331",Forks,WA,98331,"47.943216424489464, -124.38520846420272",8
"390 Founders Way, Forks, WA 98331",Forks,WA,98331,"47.94660852560299, -124.39456400902509",2
"473 Mora Rd, Forks, WA 98331",Forks,WA,98331,"47.91559420958853, -124.54505947891985",2
"5511 S Freeland Ave, Freeland, WA 98249",Freeland,WA,98249,"48.0109879714256, -122.53332378206933",2
"148 5th St N, Skykomish, WA 98288",Skykomish,WA,98288,"47.71230302446143, -121.36081148152813",2
"Stevens Pass Mountain Resort, Skykomish, WA 98288",Skykomish,WA,98288,"47.74971255566841, -121.09164644884049",4
"US-2 #15251, Leavenworth, WA 98826",Leavenworth,WA,98826,"47.755252423059076, -120.74145724814996",8
"320 Main St, Sultan, WA 98294",Sultan,WA,98294,"47.86270130090591, -121.81811737890045",2
"714-776 E Allyn St, Goldendale, WA 98620",Goldendale,WA,98620,"45.82049199831009, -120.80994080060496",2
"115 W Court St, Goldendale, WA 98620",Goldendale,WA,98620,"45.82288459283422, -120.8243603559275",2
"3624 Rd 100, Pasco, WA 99301",Pasco,WA,99301,"46.26255709690711, -119.22263935320454",2
"N Rd 68 #4905, Pasco, WA 99301",Pasco,WA,99301,"46.27264387548008, -119.18281391469463",8
"1225 Autoplex Wy, Pasco, WA 99301",Pasco,WA,99301,"46.238934908608506, -119.13183048694702",4
"1411 W Clark St, Pasco, WA 99301",Pasco,WA,99301,"46.22907943147885, -119.1071112492512",1
"2120 W A St, Pasco, WA 99301",Pasco,WA,99301,"46.225635534286134, -119.11947086809913",2
"1140 Columbia Park Trail, Richland, WA 99352",Richland,WA,99352,"46.23834125526527, -119.23740223127285",2
"1695 Malibu PR NE, Richland, WA 99352",Richland,WA,99352,"46.25365545674398, -119.29765537315636",2
"7220 W Okanogan Pl, Kennewick, WA 99336",Kennewick,WA,99336,"46.222428953014465, -119.21783283476366",2
"606 Crosswind Blvd, Kennewick, WA 99336",Kennewick,WA,99336,"46.21696545725741, -119.21113804122108",2
"2901 Southridge Blvd, Kennewick, WA 99337",Kennewick,WA,99337,"46.180369783464265, -119.18847873999992",3
"1917 W 19th Ave, Kennewick, WA 99337",Kennewick,WA,99337,"46.19118467842303, -119.14659336501535",2
"359 University Dr, Richland, WA 99354",Richland,WA,99354,"46.332688973476095, -119.27182449388167",1
"2574 Roberson Drive, Richland, WA 99354",Richland,WA,99354,"46.3252212628033, -119.30856002767959",1
"8828-8844 N Harborview Dr, Gig Harbor, WA 98332",Gig Harbor,WA,98332,"47.339339631250176, -122.58992158435534",2
"3025 Harborview Dr, Gig Harbor, WA 98335",Gig Harbor,WA,98335,"47.329334546557355, -122.57910691786344",2
"5502 Point Fosdick Dr, Gig Harbor, WA 98335",Gig Harbor,WA,98335,"47.30710717126805, -122.57979356335498",8
"5005 Main St, Tacoma, WA 98407",Tacoma,WA,98407,"47.2982662585836, -122.5037972092815",2
"3427 Ruston Way, Tacoma, WA 98402",Tacoma,WA,98402,"47.28301334858614, -122.48233953767055",4
"3540 N Pearl St, Tacoma, WA 98407",Tacoma,WA,98407,"47.28138300642249, -122.51667181224806",1
"2411 N Proctor St, Tacoma, WA 98406",Tacoma,WA,98406,"47.26985272442225, -122.48817602434876",1
"1015 N Pearl St, Tacoma, WA 98406",Tacoma,WA,98406,"47.25995098272246, -122.51478353714633",2
"601 N Rochester St, Tacoma, WA 98406",Tacoma,WA,98406,"47.25598976744159, -122.52954641521464",1
"6501 S 10th St, Tacoma, WA 98465",Tacoma,WA,98465,"47.2522612941118, -122.524396574028",2
"610 Front St, Lynden, WA 98264",Lynden,WA,98264,"48.942775385597436, -122.45513744018554",1
"1 Bellis Fair Pkwy, Bellingham, WA 98226",Bellingham,WA,98226,"48.7862600912171, -122.48878306927149",1
"315 Westerly Rd, Bellingham, WA 98226",Bellingham,WA,98226,"48.791344311090526, -122.49202451556563",6
"1225 W Bakerview Rd, Bellingham, WA 98226",Bellingham,WA,98226,"48.78979866479818, -122.51235744115357",8
"Bellingham Int'l Airport, 4255 Mitchell Way, Bellingham, WA 98226",Bellingham,WA,98226,"48.79495063394368, -122.5312827026623",4
"4839 Rural Ave, Bellingham, WA 98226",Bellingham,WA,98226,"48.81628548229576, -122.55582576746765",4
"1030 Lakeway Dr, Bellingham, WA 98229",Bellingham,WA,98229,"48.74369543363044, -122.46178043877379",4
"210 36th St, Bellingham, WA 98225",Bellingham,WA,98225,"48.73341642139091, -122.47129064041516",6
"3105 Old Fairhaven Pkwy, Bellingham, WA 98225",Bellingham,WA,98225,"48.71529236633489, -122.47736660257492",4
"Cornerstone Ln, Bellingham, WA 98226",Bellingham,WA,98226,"48.77251675367243, -122.44360615061379",2
"3005 Cinema Pl, Bellingham, WA 98226",Bellingham,WA,98226,"48.77048030974563, -122.44875599180041",2
"1100 Iowa St, Bellingham, WA 98229",Bellingham,WA,98229,"48.755046525318704, -122.45987970463186",2
"1300 Commercial St, Bellingham, WA 98225",Bellingham,WA,98225,"48.75086433208675, -122.47974308275512",4
"1217 N State St, Bellingham, WA 98225",Bellingham,WA,98225,"48.74778088640659, -122.47840033691463",2
"1100 Railroad Ave, Bellingham, WA 98225",Bellingham,WA,98225,"48.747719826165785, -122.47997459065866",2
"516 High St, Bellingham, WA 98225",Bellingham,WA,98225,"48.734162616131854, -122.48793846254026",10
"2700 Bill McDonald Pkwy, Bellingham, WA 98225",Bellingham,WA,98225,"48.72747045550748, -122.48102977285102",4
"900 10th St, Bellingham, WA 98225",Bellingham,WA,98225,"48.72545914222619, -122.50511718934496",2
"95 2nd St N, Friday Harbor, WA 98250",Friday Harbor,WA,98250,"48.53503505607457, -123.01912608061282",1
"680 Spring St, Friday Harbor, WA 98250",Friday Harbor,WA,98250,"48.53168174992319, -123.024190091113",4
"221 Weber Way, Friday Harbor, WA 98250",Friday Harbor,WA,98250,"48.52281431117338, -123.02779497994364",2
"13308 Meridian E, Puyallup, WA 98373",Puyallup,WA,98373,"47.135463823278805, -122.29441971336465",1
"14422 Meridian E, Puyallup, WA 98373",Puyallup,WA,98373,"47.12429079112327, -122.295514563204",2
"15518 Meridian E, Puyallup, WA 98375",Puyallup,WA,98375,"47.11495024354176, -122.29387475341125",2
"12020 Sunrise Blvd E, Puyallup, WA 98374",Puyallup,WA,98374,"47.09655393207012, -122.26967316659133",8
"16918 Meridian E, Puyallup, WA 98375",Puyallup,WA,98375,"47.101975769535585, -122.29679773324577",2
"17710 Canyon Rd E, Puyallup, WA 98375",Puyallup,WA,98375,"47.09628168248754, -122.35735697061635",2
"120 N 1st St, Dayton, WA 99328",Dayton,WA,99328,"46.320509164291934, -117.9810645604623",4
"235 E Main St, Dayton, WA 99328",Dayton,WA,99328,"46.320509164291934, -117.98003459222498",3
"700 Artisan Way, Dayton, WA 99328",Dayton,WA,99328,"46.310315683401406, -117.99740091326325",3
"1300 Boblett St, Blaine, WA 98230",Blaine,WA,98230,"48.99234105110645, -122.73440838221136",16
"8115 Birch Bay Square St, Blaine, WA 98230",Blaine,WA,98230,"48.93802028265217, -122.66849041502255",14
"6980 Salashan Pkwy, Ferndale, WA 98248",Ferndale,WA,98248,"48.899892826273366, -122.6142454211901",2
"120 W Chance a La Mer NW, Ocean Shores, WA 98569",Ocean Shores,WA,98569,"47.008540580927786, -124.16624633796087",8
"78 WA-115, Ocean Shores, WA 98569",Ocean Shores,WA,98569,"47.04317734532129, -124.17173950189326",4
"2858 S Forrest St, Westport, WA 98595",Westport,WA,98595,"46.861318321425465, -124.10788147117908",3
"4112 WA-105, Tokeland, WA 98590",Tokeland,WA,98590,"46.72498913865096, -124.01999084826069",2
"4849 Pacific Ave, Moclips, WA 98562",Moclips,WA,98562,"47.240499631694014, -124.21719320297647",3
"101 Horizon St, Pacific Beach, WA 98571",Pacific Beach,WA,98571,"47.19389744648345, -124.19053534261204",1
"301 Front St, Pacific Beach, WA 98571",Pacific Beach,WA,98571,"47.19401384506659, -124.19804303967794",8
"909 E Wishkah St, Aberdeen, WA 98520",Aberdeen,WA,98520,"46.976683237441655, -123.80709418053625",8
"416 E Wishkah St, Aberdeen, WA 98520",Aberdeen,WA,98520,"46.97689103700751, -123.81402291786758",8
"415 W Heron St, Aberdeen, WA 98520",Aberdeen,WA,98520,"46.97133212050165, -123.82087551522825",5
"705 W Heron St, Aberdeen, WA 98520",Aberdeen,WA,98520,"46.969617571720086, -123.82414953396724",4
"2509 US-395, Chewelah, WA 99109",Chewelah,WA,99109,"48.242523342237206, -117.71457307892614",2
"623 W Stevens Rd, Burlington, WA 98233",Burlington,WA,98233,"48.45925076542499, -122.34928823780481",3
"9803 221st Ave E, Bonney Lake, WA 98391",Bonney Lake,WA,98391,"47.1661272737896, -122.13466466085738",2
"10304 20th St E, Edgewood, WA 98371",Edgewood,WA,98371,"47.23854794106177, -122.29459968792906",1
"4411 Pacific Hwy E, Fife, WA 98424",Fife,WA,98424,"47.24391244994128, -122.36988346028863",2
"2715 62nd Ave E, Fife, WA 98424",Fife,WA,98424,"47.23214406332667, -122.34520262010922",2
"4011 20th St E, Fife, WA 98424",Fife,WA,98424,"47.23975543803722, -122.37431093925214",2
"3520 E 11th St, Tacoma, WA 98421",Tacoma,WA,98421,"47.27562290771978, -122.39691934246997",2
"9309 SW Cemetery Rd, Vashon, WA 98070",Vashon,WA,98070,"47.427700882124945, -122.45322749727063",1
"6821 Udall Pl SE, Auburn, WA 98092",Auburn,WA,98092,"47.24759055688704, -122.20044242726266",2
"3812 E Highland Rd, Mead, WA 99021",Mead,WA,99021,"47.786980151467574, -117.35406653028753",2
"5415 Sandridge Rd, Long Beach, WA 98631",Long Beach,WA,98631,"46.34213868861372, -124.04202605513395",5
"4415 Pacific Way, Seaview, WA 98644",Seaview,WA,98644,"46.334919640273796, -124.05493168530411",2
"406 Oregon Ave S, Long Beach, WA 98631",Long Beach,WA,98631,"46.34974692402332, -124.05342445842294",2
"409 Sid Snyder Dr, Long Beach, WA 98631",Long Beach,WA,98631,"46.345650313459615, -124.06058378610858",6
"607 S Whitman Ave, Rosalia, WA 99170",Rosalia,WA,99170,"47.23631904418034, -117.37195270455862",2
"11919 Sprague Ave, Airway Heights, WA 99001",Airway Heights,WA,99001,"47.653807002475695, -117.57833127436922",2
"9015 US-2, Spokane, WA 99224",Spokane,WA,99224,"47.64218463532519, -117.53747586762199",3
"10811 US-2, Airway Heights, WA 99001",Airway Heights,WA,99001,"47.64224246444877, -117.56125096776691",2
"6510 W Thorpe Rd, Spokane, WA 99224",Spokane,WA,99224,"47.61457414840978, -117.50329134825823",2
"9000 W Airport Dr, Spokane, WA 99224",Spokane,WA,99224,"47.62533494758139, -117.53968355931036",23
"8909 W Airport Dr, Spokane, WA 99224",Spokane,WA,99224,"47.63007825237715, -117.53573534773396",2
"17520 22nd Ave E, Spanaway, WA 98387",Spanaway,WA,98387,"47.09745265393728, -122.40191031991017",2
"124 Pioneer Ave W, Montesano, WA 98563",Montesano,WA,98563,"46.97989997399799, -123.60193726808232",1
"123 Pioneer Ave W, Montesano, WA 98563",Montesano,WA,98563,"46.97926406749233, -123.60177278684559",2
"23730 WA-3, Belfair, WA 98528",Belfair,WA,98528,"47.45084398961084, -122.82728815259149",2
"23961 N WA-3, Belfair, WA 98528",Belfair,WA,98528,"47.454016874292044, -122.823065160354",2
"10 E Alderbrook Dr, Union, WA 98592",Union,WA,98592,"47.3478482714452, -123.06786873626248",3
"937 Alpine Way, Shelton, WA 98584",Shelton,WA,98584,"47.230117574377125, -123.11114897664456",2
"19330 US-101, Shelton, WA 98584",Shelton,WA,98584,"47.336287656231185, -123.16116952990407",4
"21971 US-101, Shelton, WA 98584",Shelton,WA,98584,"47.37437366557826, -123.15626146140714",1
"210 S Broad St, Medical Lake, WA 99022",Medical Lake,WA,99022,"47.571853200840955, -117.68218986254078",2
"639-699 Peace Portal Dr, Blaine, WA 98230",Blaine,WA,98230,"48.99505144773615, -122.7520207831562",2
"9565 Semiahmoo Pkwy, Blaine, WA 98230",Blaine,WA,98230,"48.989644857579755, -122.77330679339427",3
"519 WA-906, Snoqualmie Pass, WA 98068",Snoqualmie Pass,WA,98068,"47.42353407867609, -121.4128209981415",2
"69 Main St Box 370, Cathlamet, WA 98612",Cathlamet,WA,98612,"46.20252819777587, -123.38427314112478",2
"5828 2nd Ave, Ferndale, WA 98248",Ferndale,WA,98248,"48.853269300479376, -122.58938207129296",2
"316 Castle Ave, Winthrop, WA 98862",Winthrop,WA,98862,"48.47669736023589, -120.18111530025969",1
"604 Patterson Lake Rd, Winthrop, WA 98862",Winthrop,WA,98862,"48.47758602565505, -120.25649393817595",3
"2505 Olympic Hwy N, Shelton, WA 98584",Shelton,WA,98584,"47.22652962222769, -123.12536508641013",1
"202 E Pine St, Shelton, WA 98584",Shelton,WA,98584,"47.21438176062345, -123.09479225937632",2
"Gravity Coffee, 808 West Davis Street, Cle Elum, WA 98922",Cle Elum,WA,98922,"47.19541620082404, -120.95625925585996",8
"811 WA-970, Cle Elum, WA 98922",Cle Elum,WA,98922,"47.18934322643426, -120.90276632575477",15
"3600 Suncadia Trail, Cle Elum, WA 98922",Cle Elum,WA,98922,"47.208036209877946, -121.01948135081079",3
"Little Creek Casino Resort, 93 WA-108, Shelton, WA 98584",Shelton,WA,98584,"47.12872894222587, -123.10446228464644",1
"Parking lot, 1131 SW Skamania Lodge Way, Stevenson, WA 98648",Stevenson,WA,98648,"45.68559060588963, -121.9060299719509",2
"248 Reuben Memorial Dr, Roche Harbor, WA 98250",Roche Harbor,WA,98250,"48.60822372569996, -123.15500692797217",6
"13211 E 32nd Ave, Spokane, WA 99216",Spokane,WA,99216,"47.62822159242346, -117.22754342332294",2
"757 Port Way, Clarkston, WA 99403",Clarkston,WA,99403,"46.4266657429829, -117.04807803096756",4
"3063 Creasey Rd, Custer, WA 98240",Custer,WA,98240,"48.926761583371594, -122.64551068286627",1
"130 N Washington Ave, Newport, WA 99156",Newport,WA,99156,"48.18160957609701, -117.0433963664388",2
"435 W Walnut St, Newport, WA 99156",Newport,WA,99156,"48.18320836335961, -117.04514479176935",2
"600 7th St, Davenport, WA 99122",Davenport,WA,99122,"47.65392907432356, -118.15083023853384",1
"335 S Broadway Ave, Othello, WA 99344",Othello,WA,99344,"46.822016914301784, -119.17585756316012",2
"303 S Columbia Ave, Connell, WA 99326",Connell,WA,99326,"46.65967467997631, -118.86206057352173",3
"7416-7420 N Superior Ave, Concrete, WA 98237",Concrete,WA,98237,"48.537800268262195, -121.7589716415397",1
"N Beach St, Palouse, WA 99161",Palouse,WA,99161,"46.909840094151605, -117.07571945052825",1
"Mountain Loop Hwy &, Alvord St, Darrington, WA 98241",Darrington,WA,98241,"48.25162389555904, -121.60296260319541",2
"1220 WA-530, Darrington, WA 98241",Darrington,WA,98241,"48.25712726092133, -121.61151310704356",2
"1510 Bayview Ave, Neah Bay, WA 98357",Neah Bay,WA,98357,"48.36647053075548, -124.60673257930472",1
"2726 Makah Passage, Neah Bay, WA 98357",Neah Bay,WA,98357,"48.34011283416141, -124.6633822052661",1
"55410 N Sunset Rd, Benton City, WA 99320",Benton City,WA,99320,"46.294043085010934, -119.45248738679645",3
"33914 Crystal Mountain Blvd, Enumclaw, WA 98022",Enumclaw,WA,98022,"46.93980257681746, -121.47199557496762",8
"Appleline Bus Shelter, 203 Commercial Ave, Pateros, WA 98846",Pateros,WA,98846,"48.05270742145867, -119.90207222423324",4
"186 Skyview Dr, Mossyrock, WA 98564",Mossyrock,WA,98564,"46.545719524338935, -122.50930333188094",3
"14254 Salmon La Sac Rd, Ronald, WA 98940",Ronald,WA,98940,"47.27408763000444, -121.07374302904518",2
"299 Eastlake Rd, Oroville, WA 98844",Oroville,WA,98844,"48.987228884574606, -119.42615864541217",4
"1611 Smittys Blvd, Ritzville, WA 99169",Ritzville,WA,99169,"47.119628018083844, -118.36258871662336",8
"1293 S Division St, Ritzville, WA 99169",Ritzville,WA,99169,"47.11863512046915, -118.36554987530567",2
"105 W Galbreath Way, Ritzville, WA 99169",Ritzville,WA,99169,"47.11629881769897, -118.36833937261511",4
"105 W 1st St, Sprague, WA 99032",Sprague,WA,99032,"47.301412188788156, -117.97566753906034",2
"2008 Durry Rd, Sprague, WA 99032",Sprague,WA,99032,"47.20960976470083, -118.22715953802104",8
"225 E 5th Ave, Metaline Falls, WA 99153",Metaline Falls,WA,99153,"48.86206069535479, -117.37008953493859",2
"128 Coppei Ave, Waitsburg, WA 99361",Waitsburg,WA,99361,"46.27061723697549, -118.15354436943147",1
"21301 WA-410, Bonney Lake, WA 98391",Bonney Lake,WA,98391,"47.167450130664264, -122.14571597683388",2
"5112 N Pearl St, Tacoma, WA 98407",Tacoma,WA,98407,"47.298690395288624, -122.5158792435726",1
"157151 US-101, Forks, WA 98331",Forks,WA,98331,"47.60397077061631, -124.37327241745817",3
"4928 Point Fosdick Dr, Gig Harbor, WA 98335",Gig Harbor,WA,98335,"47.30177532870277, -122.57945599967739",2
"6575 Kimball Dr, Gig Harbor, WA 98335",Gig Harbor,WA,98335,"47.31847751188729, -122.58546414772844",1
"5800 Soundview Dr, Gig Harbor, WA 98335",Gig Harbor,WA,98335,"47.311203690663284, -122.57979932242316",2
"3220 Rosedale St NW, Gig Harbor, WA 98335",Gig Harbor,WA,98335,"47.33011354332029, -122.58263173507581",2
"500 Newhalem St, Rockport, WA 98283",Rockport,WA,98283,"48.67344670645873, -121.24891311975922",2
"8932-8998 SE 42nd St, Mercer Island, WA 98040",Mercer Island,WA,98040,"47.571218902186494, -122.21877370357765",2
"4160 86th Ave SE, Mercer Island, WA 98040",Mercer Island,WA,98040,"47.571218902186494, -122.22321742887301",2
"4030 86th Ave SE, Mercer Island, WA 98040",Mercer Island,WA,98040,"47.57358905751564, -122.22386616775034",2
"4120 86th Ave SE NE, Mercer Island, WA 98040",Mercer Island,WA,98040,"47.57242011066452, -122.22329971767853",2
"8236 SE 24th St, Mercer Island, WA 98040",Mercer Island,WA,98040,"47.58996213038676, -122.22854755129237",2
"2758 78th Ave SE, Mercer Island, WA 98040",Mercer Island,WA,98040,"47.585655583831404, -122.23320783513958",4
"2430 76th Ave SE, Mercer Island, WA 98040",Mercer Island,WA,98040,"47.58823221598956, -122.23764422957771",2
